date	geo	pays	taux	mois	spread	tooltip
2007-01-16	DE	germany	4.022636363636364	TRUE	0	"<b>germany</b>
janvier 2007
taux: 4.02%
écart avec Allemagne: 0%"
2007-01-16	FR	france	4.0635	TRUE	0.040863636363636324	"<b>france</b>
janvier 2007
taux: 4.06%
écart avec Allemagne: 0.04%"
2007-01-16	IT	italy	4.251409090909091	TRUE	0.22877272727272668	"<b>italy</b>
janvier 2007
taux: 4.25%
écart avec Allemagne: 0.23%"
2007-02-16	DE	germany	4.0564	TRUE	0	"<b>germany</b>
février 2007
taux: 4.06%
écart avec Allemagne: 0%"
2007-02-16	FR	france	4.1004	TRUE	0.043999999999999595	"<b>france</b>
février 2007
taux: 4.1%
écart avec Allemagne: 0.04%"
2007-02-16	IT	italy	4.26725	TRUE	0.21084999999999976	"<b>italy</b>
février 2007
taux: 4.27%
écart avec Allemagne: 0.21%"
2007-03-16	DE	germany	3.9475	TRUE	0	"<b>germany</b>
mars 2007
taux: 3.95%
écart avec Allemagne: 0%"
2007-03-16	FR	france	3.994136363636364	TRUE	0.04663636363636403	"<b>france</b>
mars 2007
taux: 3.99%
écart avec Allemagne: 0.05%"
2007-03-16	IT	italy	4.186272727272727	TRUE	0.23877272727272736	"<b>italy</b>
mars 2007
taux: 4.19%
écart avec Allemagne: 0.24%"
2007-04-16	DE	germany	4.160736842105263	TRUE	0	"<b>germany</b>
avril 2007
taux: 4.16%
écart avec Allemagne: 0%"
2007-04-16	FR	france	4.210368421052632	TRUE	0.049631578947368915	"<b>france</b>
avril 2007
taux: 4.21%
écart avec Allemagne: 0.05%"
2007-04-16	IT	italy	4.385736842105263	TRUE	0.22500000000000053	"<b>italy</b>
avril 2007
taux: 4.39%
écart avec Allemagne: 0.23%"
2007-05-16	DE	germany	4.280857142857143	TRUE	0	"<b>germany</b>
mai 2007
taux: 4.28%
écart avec Allemagne: 0%"
2007-05-16	FR	france	4.327285714285714	TRUE	0.04642857142857082	"<b>france</b>
mai 2007
taux: 4.33%
écart avec Allemagne: 0.05%"
2007-05-16	IT	italy	4.503190476190476	TRUE	0.22233333333333327	"<b>italy</b>
mai 2007
taux: 4.5%
écart avec Allemagne: 0.22%"
2007-06-16	DE	germany	4.567666666666667	TRUE	0	"<b>germany</b>
juin 2007
taux: 4.57%
écart avec Allemagne: 0%"
2007-06-16	FR	france	4.612047619047619	TRUE	0.04438095238095219	"<b>france</b>
juin 2007
taux: 4.61%
écart avec Allemagne: 0.04%"
2007-06-16	IT	italy	4.784380952380952	TRUE	0.21671428571428564	"<b>italy</b>
juin 2007
taux: 4.78%
écart avec Allemagne: 0.22%"
2007-07-16	DE	germany	4.523818181818182	TRUE	0	"<b>germany</b>
juillet 2007
taux: 4.52%
écart avec Allemagne: 0%"
2007-07-16	FR	france	4.5910909090909096	TRUE	0.06727272727272737	"<b>france</b>
juillet 2007
taux: 4.59%
écart avec Allemagne: 0.07%"
2007-07-16	IT	italy	4.7647272727272725	TRUE	0.2409090909090903	"<b>italy</b>
juillet 2007
taux: 4.76%
écart avec Allemagne: 0.24%"
2007-08-16	DE	germany	4.304043478260869	TRUE	0	"<b>germany</b>
août 2007
taux: 4.3%
écart avec Allemagne: 0%"
2007-08-16	FR	france	4.3861739130434785	TRUE	0.08213043478260929	"<b>france</b>
août 2007
taux: 4.39%
écart avec Allemagne: 0.08%"
2007-08-16	IT	italy	4.582478260869565	TRUE	0.2784347826086959	"<b>italy</b>
août 2007
taux: 4.58%
écart avec Allemagne: 0.28%"
2007-09-16	DE	germany	4.237	TRUE	0	"<b>germany</b>
septembre 2007
taux: 4.24%
écart avec Allemagne: 0%"
2007-09-16	FR	france	4.3551	TRUE	0.1181000000000001	"<b>france</b>
septembre 2007
taux: 4.36%
écart avec Allemagne: 0.12%"
2007-09-16	IT	italy	4.5134	TRUE	0.27639999999999976	"<b>italy</b>
septembre 2007
taux: 4.51%
écart avec Allemagne: 0.28%"
2007-10-16	DE	germany	4.293869565217391	TRUE	0	"<b>germany</b>
octobre 2007
taux: 4.29%
écart avec Allemagne: 0%"
2007-10-16	FR	france	4.400434782608696	TRUE	0.10656521739130476	"<b>france</b>
octobre 2007
taux: 4.4%
écart avec Allemagne: 0.11%"
2007-10-16	IT	italy	4.533130434782609	TRUE	0.23926086956521786	"<b>italy</b>
octobre 2007
taux: 4.53%
écart avec Allemagne: 0.24%"
2007-11-16	DE	germany	4.117772727272727	TRUE	0	"<b>germany</b>
novembre 2007
taux: 4.12%
écart avec Allemagne: 0%"
2007-11-16	FR	france	4.234181818181818	TRUE	0.1164090909090909	"<b>france</b>
novembre 2007
taux: 4.23%
écart avec Allemagne: 0.12%"
2007-11-16	IT	italy	4.420727272727273	TRUE	0.30295454545454614	"<b>italy</b>
novembre 2007
taux: 4.42%
écart avec Allemagne: 0.3%"
2007-12-16	DE	germany	4.238294117647059	TRUE	0	"<b>germany</b>
décembre 2007
taux: 4.24%
écart avec Allemagne: 0%"
2007-12-16	FR	france	4.328117647058823	TRUE	0.08982352941176419	"<b>france</b>
décembre 2007
taux: 4.33%
écart avec Allemagne: 0.09%"
2007-12-16	IT	italy	4.552823529411764	TRUE	0.3145294117647053	"<b>italy</b>
décembre 2007
taux: 4.55%
écart avec Allemagne: 0.31%"
2008-01-16	DE	germany	4.048818181818182	TRUE	0	"<b>germany</b>
janvier 2008
taux: 4.05%
écart avec Allemagne: 0%"
2008-01-16	FR	france	4.158318181818182	TRUE	0.1095000000000006	"<b>france</b>
janvier 2008
taux: 4.16%
écart avec Allemagne: 0.11%"
2008-01-16	IT	italy	4.394318181818182	TRUE	0.34550000000000036	"<b>italy</b>
janvier 2008
taux: 4.39%
écart avec Allemagne: 0.35%"
2008-02-16	DE	germany	3.963047619047619	TRUE	0	"<b>germany</b>
février 2008
taux: 3.96%
écart avec Allemagne: 0%"
2008-02-16	FR	france	4.085809523809524	TRUE	0.12276190476190507	"<b>france</b>
février 2008
taux: 4.09%
écart avec Allemagne: 0.12%"
2008-02-16	IT	italy	4.357238095238095	TRUE	0.3941904761904764	"<b>italy</b>
février 2008
taux: 4.36%
écart avec Allemagne: 0.39%"
2008-03-16	DE	germany	3.8025263157894735	TRUE	0	"<b>germany</b>
mars 2008
taux: 3.8%
écart avec Allemagne: 0%"
2008-03-16	FR	france	4.008368421052632	TRUE	0.20584210526315827	"<b>france</b>
mars 2008
taux: 4.01%
écart avec Allemagne: 0.21%"
2008-03-16	IT	italy	4.380631578947368	TRUE	0.5781052631578949	"<b>italy</b>
mars 2008
taux: 4.38%
écart avec Allemagne: 0.58%"
2008-04-16	DE	germany	4.056318181818182	TRUE	0	"<b>germany</b>
avril 2008
taux: 4.06%
écart avec Allemagne: 0%"
2008-04-16	FR	france	4.278045454545454	TRUE	0.22172727272727233	"<b>france</b>
avril 2008
taux: 4.28%
écart avec Allemagne: 0.22%"
2008-04-16	IT	italy	4.535318181818182	TRUE	0.4790000000000001	"<b>italy</b>
avril 2008
taux: 4.54%
écart avec Allemagne: 0.48%"
2008-05-16	DE	germany	4.215333333333334	TRUE	0	"<b>germany</b>
mai 2008
taux: 4.22%
écart avec Allemagne: 0%"
2008-05-16	FR	france	4.406714285714286	TRUE	0.19138095238095243	"<b>france</b>
mai 2008
taux: 4.41%
écart avec Allemagne: 0.19%"
2008-05-16	IT	italy	4.648238095238095	TRUE	0.43290476190476124	"<b>italy</b>
mai 2008
taux: 4.65%
écart avec Allemagne: 0.43%"
2008-06-16	DE	germany	4.554857142857143	TRUE	0	"<b>germany</b>
juin 2008
taux: 4.55%
écart avec Allemagne: 0%"
2008-06-16	FR	france	4.741809523809524	TRUE	0.18695238095238054	"<b>france</b>
juin 2008
taux: 4.74%
écart avec Allemagne: 0.19%"
2008-06-16	IT	italy	5.11247619047619	TRUE	0.5576190476190472	"<b>italy</b>
juin 2008
taux: 5.11%
écart avec Allemagne: 0.56%"
2008-07-16	DE	germany	4.500217391304348	TRUE	0	"<b>germany</b>
juillet 2008
taux: 4.5%
écart avec Allemagne: 0%"
2008-07-16	FR	france	4.692782608695652	TRUE	0.19256521739130417	"<b>france</b>
juillet 2008
taux: 4.69%
écart avec Allemagne: 0.19%"
2008-07-16	IT	italy	5.091913043478261	TRUE	0.5916956521739127	"<b>italy</b>
juillet 2008
taux: 5.09%
écart avec Allemagne: 0.59%"
2008-08-16	DE	germany	4.212952380952381	TRUE	0	"<b>germany</b>
août 2008
taux: 4.21%
écart avec Allemagne: 0%"
2008-08-16	FR	france	4.398476190476191	TRUE	0.18552380952380965	"<b>france</b>
août 2008
taux: 4.4%
écart avec Allemagne: 0.19%"
2008-08-16	IT	italy	4.8262	TRUE	0.6132476190476188	"<b>italy</b>
août 2008
taux: 4.83%
écart avec Allemagne: 0.61%"
2008-09-16	DE	germany	4.103954545454545	TRUE	0	"<b>germany</b>
septembre 2008
taux: 4.1%
écart avec Allemagne: 0%"
2008-09-16	FR	france	4.356590909090909	TRUE	0.25263636363636355	"<b>france</b>
septembre 2008
taux: 4.36%
écart avec Allemagne: 0.25%"
2008-09-16	IT	italy	4.808818181818182	TRUE	0.7048636363636369	"<b>italy</b>
septembre 2008
taux: 4.81%
écart avec Allemagne: 0.7%"
2008-10-16	DE	germany	3.902391304347826	TRUE	0	"<b>germany</b>
octobre 2008
taux: 3.9%
écart avec Allemagne: 0%"
2008-10-16	FR	france	4.19204347826087	TRUE	0.28965217391304376	"<b>france</b>
octobre 2008
taux: 4.19%
écart avec Allemagne: 0.29%"
2008-10-16	IT	italy	4.759086956521739	TRUE	0.8566956521739129	"<b>italy</b>
octobre 2008
taux: 4.76%
écart avec Allemagne: 0.86%"
2008-11-16	DE	germany	3.572	TRUE	0	"<b>germany</b>
novembre 2008
taux: 3.57%
écart avec Allemagne: 0%"
2008-11-16	FR	france	3.96095	TRUE	0.3889499999999999	"<b>france</b>
novembre 2008
taux: 3.96%
écart avec Allemagne: 0.39%"
2008-11-16	IT	italy	4.6056	TRUE	1.0335999999999999	"<b>italy</b>
novembre 2008
taux: 4.61%
écart avec Allemagne: 1.03%"
2008-12-16	DE	germany	3.0797894736842104	TRUE	0	"<b>germany</b>
décembre 2008
taux: 3.08%
écart avec Allemagne: 0%"
2008-12-16	FR	france	3.5420526315789473	TRUE	0.46226315789473693	"<b>france</b>
décembre 2008
taux: 3.54%
écart avec Allemagne: 0.46%"
2008-12-16	IT	italy	4.413421052631579	TRUE	1.3336315789473683	"<b>italy</b>
décembre 2008
taux: 4.41%
écart avec Allemagne: 1.33%"
2009-01-16	DE	germany	3.090952380952381	TRUE	0	"<b>germany</b>
janvier 2009
taux: 3.09%
écart avec Allemagne: 0%"
2009-01-16	FR	france	3.600285714285714	TRUE	0.5093333333333332	"<b>france</b>
janvier 2009
taux: 3.6%
écart avec Allemagne: 0.51%"
2009-01-16	IT	italy	4.525333333333333	TRUE	1.4343809523809523	"<b>italy</b>
janvier 2009
taux: 4.53%
écart avec Allemagne: 1.43%"
2009-02-16	DE	germany	3.15955	TRUE	0	"<b>germany</b>
février 2009
taux: 3.16%
écart avec Allemagne: 0%"
2009-02-16	FR	france	3.6617	TRUE	0.5021500000000003	"<b>france</b>
février 2009
taux: 3.66%
écart avec Allemagne: 0.5%"
2009-02-16	IT	italy	4.538	TRUE	1.3784500000000004	"<b>italy</b>
février 2009
taux: 4.54%
écart avec Allemagne: 1.38%"
2009-03-16	DE	germany	3.0641363636363637	TRUE	0	"<b>germany</b>
mars 2009
taux: 3.06%
écart avec Allemagne: 0%"
2009-03-16	FR	france	3.651772727272727	TRUE	0.5876363636363635	"<b>france</b>
mars 2009
taux: 3.65%
écart avec Allemagne: 0.59%"
2009-03-16	IT	italy	4.4584090909090905	TRUE	1.3942727272727269	"<b>italy</b>
mars 2009
taux: 4.46%
écart avec Allemagne: 1.39%"
2009-04-16	DE	germany	3.17875	TRUE	0	"<b>germany</b>
avril 2009
taux: 3.18%
écart avec Allemagne: 0%"
2009-04-16	FR	france	3.66465	TRUE	0.4859	"<b>france</b>
avril 2009
taux: 3.66%
écart avec Allemagne: 0.49%"
2009-04-16	IT	italy	4.35245	TRUE	1.1737000000000002	"<b>italy</b>
avril 2009
taux: 4.35%
écart avec Allemagne: 1.17%"
2009-05-16	DE	germany	3.4444500000000002	TRUE	0	"<b>germany</b>
mai 2009
taux: 3.44%
écart avec Allemagne: 0%"
2009-05-16	FR	france	3.8124	TRUE	0.36794999999999956	"<b>france</b>
mai 2009
taux: 3.81%
écart avec Allemagne: 0.37%"
2009-05-16	IT	italy	4.35705	TRUE	0.9125999999999999	"<b>italy</b>
mai 2009
taux: 4.36%
écart avec Allemagne: 0.91%"
2009-06-16	DE	germany	3.5494090909090907	TRUE	0	"<b>germany</b>
juin 2009
taux: 3.55%
écart avec Allemagne: 0%"
2009-06-16	FR	france	3.901409090909091	TRUE	0.3520000000000003	"<b>france</b>
juin 2009
taux: 3.9%
écart avec Allemagne: 0.35%"
2009-06-16	IT	italy	4.614909090909091	TRUE	1.0655000000000001	"<b>italy</b>
juin 2009
taux: 4.61%
écart avec Allemagne: 1.07%"
2009-07-16	DE	germany	3.3624782608695654	TRUE	0	"<b>germany</b>
juillet 2009
taux: 3.36%
écart avec Allemagne: 0%"
2009-07-16	FR	france	3.725217391304348	TRUE	0.36273913043478245	"<b>france</b>
juillet 2009
taux: 3.73%
écart avec Allemagne: 0.36%"
2009-07-16	IT	italy	4.373173913043479	TRUE	1.0106956521739132	"<b>italy</b>
juillet 2009
taux: 4.37%
écart avec Allemagne: 1.01%"
2009-08-16	DE	germany	3.336809523809524	TRUE	0	"<b>germany</b>
août 2009
taux: 3.34%
écart avec Allemagne: 0%"
2009-08-16	FR	france	3.588	TRUE	0.2511904761904762	"<b>france</b>
août 2009
taux: 3.59%
écart avec Allemagne: 0.25%"
2009-08-16	IT	italy	4.1244	TRUE	0.7875904761904757	"<b>italy</b>
août 2009
taux: 4.12%
écart avec Allemagne: 0.79%"
2009-09-16	DE	germany	3.2917727272727273	TRUE	0	"<b>germany</b>
septembre 2009
taux: 3.29%
écart avec Allemagne: 0%"
2009-09-16	FR	france	3.5841363636363637	TRUE	0.2923636363636364	"<b>france</b>
septembre 2009
taux: 3.58%
écart avec Allemagne: 0.29%"
2009-09-16	IT	italy	4.081181818181818	TRUE	0.789409090909091	"<b>italy</b>
septembre 2009
taux: 4.08%
écart avec Allemagne: 0.79%"
2009-10-16	DE	germany	3.231272727272727	TRUE	0	"<b>germany</b>
octobre 2009
taux: 3.23%
écart avec Allemagne: 0%"
2009-10-16	FR	france	3.5533636363636365	TRUE	0.3220909090909094	"<b>france</b>
octobre 2009
taux: 3.55%
écart avec Allemagne: 0.32%"
2009-10-16	IT	italy	3.986	TRUE	0.7547272727272731	"<b>italy</b>
octobre 2009
taux: 3.99%
écart avec Allemagne: 0.75%"
2009-11-16	DE	germany	3.281190476190476	TRUE	0	"<b>germany</b>
novembre 2009
taux: 3.28%
écart avec Allemagne: 0%"
2009-11-16	FR	france	3.5513333333333335	TRUE	0.27014285714285746	"<b>france</b>
novembre 2009
taux: 3.55%
écart avec Allemagne: 0.27%"
2009-11-16	IT	italy	4.011619047619048	TRUE	0.7304285714285719	"<b>italy</b>
novembre 2009
taux: 4.01%
écart avec Allemagne: 0.73%"
2009-12-16	DE	germany	3.21855	TRUE	0	"<b>germany</b>
décembre 2009
taux: 3.22%
écart avec Allemagne: 0%"
2009-12-16	FR	france	3.46645	TRUE	0.2479	"<b>france</b>
décembre 2009
taux: 3.47%
écart avec Allemagne: 0.25%"
2009-12-16	IT	italy	4.01755	TRUE	0.7989999999999999	"<b>italy</b>
décembre 2009
taux: 4.02%
écart avec Allemagne: 0.8%"
2010-01-16	DE	germany	3.27945	TRUE	0	"<b>germany</b>
janvier 2010
taux: 3.28%
écart avec Allemagne: 0%"
2010-01-16	FR	france	3.5172499999999998	TRUE	0.23779999999999957	"<b>france</b>
janvier 2010
taux: 3.52%
écart avec Allemagne: 0.24%"
2010-01-16	IT	italy	4.0814	TRUE	0.8019500000000002	"<b>italy</b>
janvier 2010
taux: 4.08%
écart avec Allemagne: 0.8%"
2010-02-16	DE	germany	3.18945	TRUE	0	"<b>germany</b>
février 2010
taux: 3.19%
écart avec Allemagne: 0%"
2010-02-16	FR	france	3.4956	TRUE	0.30615000000000014	"<b>france</b>
février 2010
taux: 3.5%
écart avec Allemagne: 0.31%"
2010-02-16	IT	italy	4.0518	TRUE	0.8623500000000002	"<b>italy</b>
février 2010
taux: 4.05%
écart avec Allemagne: 0.86%"
2010-03-16	DE	germany	3.127913043478261	TRUE	0	"<b>germany</b>
mars 2010
taux: 3.13%
écart avec Allemagne: 0%"
2010-03-16	FR	france	3.440086956521739	TRUE	0.3121739130434782	"<b>france</b>
mars 2010
taux: 3.44%
écart avec Allemagne: 0.31%"
2010-03-16	IT	italy	3.936478260869565	TRUE	0.8085652173913043	"<b>italy</b>
mars 2010
taux: 3.94%
écart avec Allemagne: 0.81%"
2010-04-16	DE	germany	3.0826	TRUE	0	"<b>germany</b>
avril 2010
taux: 3.08%
écart avec Allemagne: 0%"
2010-04-16	FR	france	3.3961	TRUE	0.31350000000000033	"<b>france</b>
avril 2010
taux: 3.4%
écart avec Allemagne: 0.31%"
2010-04-16	IT	italy	3.93	TRUE	0.8474000000000004	"<b>italy</b>
avril 2010
taux: 3.93%
écart avec Allemagne: 0.85%"
2010-05-16	DE	germany	2.7996666666666665	TRUE	0	"<b>germany</b>
mai 2010
taux: 2.8%
écart avec Allemagne: 0%"
2010-05-16	FR	france	3.075047619047619	TRUE	0.2753809523809525	"<b>france</b>
mai 2010
taux: 3.08%
écart avec Allemagne: 0.28%"
2010-05-16	IT	italy	4.008333333333334	TRUE	1.2086666666666672	"<b>italy</b>
mai 2010
taux: 4.01%
écart avec Allemagne: 1.21%"
2010-06-16	DE	germany	2.6281363636363637	TRUE	0	"<b>germany</b>
juin 2010
taux: 2.63%
écart avec Allemagne: 0%"
2010-06-16	FR	france	3.0737727272727273	TRUE	0.4456363636363636	"<b>france</b>
juin 2010
taux: 3.07%
écart avec Allemagne: 0.45%"
2010-06-16	IT	italy	4.113772727272727	TRUE	1.4856363636363636	"<b>italy</b>
juin 2010
taux: 4.11%
écart avec Allemagne: 1.49%"
2010-07-16	DE	germany	2.6500909090909093	TRUE	0	"<b>germany</b>
juillet 2010
taux: 2.65%
écart avec Allemagne: 0%"
2010-07-16	FR	france	2.987727272727273	TRUE	0.3376363636363635	"<b>france</b>
juillet 2010
taux: 2.99%
écart avec Allemagne: 0.34%"
2010-07-16	IT	italy	4.031954545454545	TRUE	1.381863636363636	"<b>italy</b>
juillet 2010
taux: 4.03%
écart avec Allemagne: 1.38%"
2010-08-16	DE	germany	2.367909090909091	TRUE	0	"<b>germany</b>
août 2010
taux: 2.37%
écart avec Allemagne: 0%"
2010-08-16	FR	france	2.6790454545454545	TRUE	0.31113636363636354	"<b>france</b>
août 2010
taux: 2.68%
écart avec Allemagne: 0.31%"
2010-08-16	IT	italy	3.8074545454545454	TRUE	1.4395454545454545	"<b>italy</b>
août 2010
taux: 3.81%
écart avec Allemagne: 1.44%"
2010-09-16	DE	germany	2.3455909090909093	TRUE	0	"<b>germany</b>
septembre 2010
taux: 2.35%
écart avec Allemagne: 0%"
2010-09-16	FR	france	2.666	TRUE	0.32040909090909064	"<b>france</b>
septembre 2010
taux: 2.67%
écart avec Allemagne: 0.32%"
2010-09-16	IT	italy	3.8436363636363637	TRUE	1.4980454545454545	"<b>italy</b>
septembre 2010
taux: 3.84%
écart avec Allemagne: 1.5%"
2010-10-16	DE	germany	2.375380952380952	TRUE	0	"<b>germany</b>
octobre 2010
taux: 2.38%
écart avec Allemagne: 0%"
2010-10-16	FR	france	2.7227619047619047	TRUE	0.34738095238095257	"<b>france</b>
octobre 2010
taux: 2.72%
écart avec Allemagne: 0.35%"
2010-10-16	IT	italy	3.775190476190476	TRUE	1.399809523809524	"<b>italy</b>
octobre 2010
taux: 3.78%
écart avec Allemagne: 1.4%"
2010-11-16	DE	germany	2.5600454545454543	TRUE	0	"<b>germany</b>
novembre 2010
taux: 2.56%
écart avec Allemagne: 0%"
2010-11-16	FR	france	2.9980454545454545	TRUE	0.43800000000000017	"<b>france</b>
novembre 2010
taux: 3%
écart avec Allemagne: 0.44%"
2010-11-16	IT	italy	4.152227272727273	TRUE	1.5921818181818184	"<b>italy</b>
novembre 2010
taux: 4.15%
écart avec Allemagne: 1.59%"
2010-12-16	DE	germany	2.9624285714285716	TRUE	0	"<b>germany</b>
décembre 2010
taux: 2.96%
écart avec Allemagne: 0%"
2010-12-16	FR	france	3.3404285714285713	TRUE	0.37799999999999967	"<b>france</b>
décembre 2010
taux: 3.34%
écart avec Allemagne: 0.38%"
2010-12-16	IT	italy	4.614904761904762	TRUE	1.65247619047619	"<b>italy</b>
décembre 2010
taux: 4.61%
écart avec Allemagne: 1.65%"
2011-01-16	DE	germany	3.0526190476190473	TRUE	0	"<b>germany</b>
janvier 2011
taux: 3.05%
écart avec Allemagne: 0%"
2011-01-16	FR	france	3.436714285714286	TRUE	0.3840952380952385	"<b>france</b>
janvier 2011
taux: 3.44%
écart avec Allemagne: 0.38%"
2011-01-16	IT	italy	4.740047619047619	TRUE	1.6874285714285717	"<b>italy</b>
janvier 2011
taux: 4.74%
écart avec Allemagne: 1.69%"
2011-02-16	DE	germany	3.2285	TRUE	0	"<b>germany</b>
février 2011
taux: 3.23%
écart avec Allemagne: 0%"
2011-02-16	FR	france	3.59885	TRUE	0.3703500000000002	"<b>france</b>
février 2011
taux: 3.6%
écart avec Allemagne: 0.37%"
2011-02-16	IT	italy	4.74535	TRUE	1.5168500000000003	"<b>italy</b>
février 2011
taux: 4.75%
écart avec Allemagne: 1.52%"
2011-03-16	DE	germany	3.2520434782608696	TRUE	0	"<b>germany</b>
mars 2011
taux: 3.25%
écart avec Allemagne: 0%"
2011-03-16	FR	france	3.6100434782608697	TRUE	0.3580000000000001	"<b>france</b>
mars 2011
taux: 3.61%
écart avec Allemagne: 0.36%"
2011-03-16	IT	italy	4.807869565217391	TRUE	1.5558260869565217	"<b>italy</b>
mars 2011
taux: 4.81%
écart avec Allemagne: 1.56%"
2011-04-16	DE	germany	3.3592631578947367	TRUE	0	"<b>germany</b>
avril 2011
taux: 3.36%
écart avec Allemagne: 0%"
2011-04-16	FR	france	3.6902105263157896	TRUE	0.3309473684210529	"<b>france</b>
avril 2011
taux: 3.69%
écart avec Allemagne: 0.33%"
2011-04-16	IT	italy	4.746894736842105	TRUE	1.387631578947368	"<b>italy</b>
avril 2011
taux: 4.75%
écart avec Allemagne: 1.39%"
2011-05-16	DE	germany	3.1095454545454544	TRUE	0	"<b>germany</b>
mai 2011
taux: 3.11%
écart avec Allemagne: 0%"
2011-05-16	FR	france	3.4880454545454547	TRUE	0.3785000000000003	"<b>france</b>
mai 2011
taux: 3.49%
écart avec Allemagne: 0.38%"
2011-05-16	IT	italy	4.734909090909091	TRUE	1.6253636363636366	"<b>italy</b>
mai 2011
taux: 4.73%
écart avec Allemagne: 1.63%"
2011-06-16	DE	germany	2.9776818181818183	TRUE	0	"<b>germany</b>
juin 2011
taux: 2.98%
écart avec Allemagne: 0%"
2011-06-16	FR	france	3.4428636363636365	TRUE	0.46518181818181814	"<b>france</b>
juin 2011
taux: 3.44%
écart avec Allemagne: 0.47%"
2011-06-16	IT	italy	4.822727272727272	TRUE	1.845045454545454	"<b>italy</b>
juin 2011
taux: 4.82%
écart avec Allemagne: 1.85%"
2011-07-16	DE	germany	2.787904761904762	TRUE	0	"<b>germany</b>
juillet 2011
taux: 2.79%
écart avec Allemagne: 0%"
2011-07-16	FR	france	3.394142857142857	TRUE	0.606238095238095	"<b>france</b>
juillet 2011
taux: 3.39%
écart avec Allemagne: 0.61%"
2011-07-16	IT	italy	5.498619047619048	TRUE	2.710714285714286	"<b>italy</b>
juillet 2011
taux: 5.5%
écart avec Allemagne: 2.71%"
2011-08-16	DE	germany	2.2535652173913046	TRUE	0	"<b>germany</b>
août 2011
taux: 2.25%
écart avec Allemagne: 0%"
2011-08-16	FR	france	2.9816521739130435	TRUE	0.7280869565217389	"<b>france</b>
août 2011
taux: 2.98%
écart avec Allemagne: 0.73%"
2011-08-16	IT	italy	5.295045454545455	TRUE	3.04148023715415	"<b>italy</b>
août 2011
taux: 5.3%
écart avec Allemagne: 3.04%"
2011-09-16	DE	germany	1.8665	TRUE	0	"<b>germany</b>
septembre 2011
taux: 1.87%
écart avec Allemagne: 0%"
2011-09-16	FR	france	2.6424545454545454	TRUE	0.7759545454545453	"<b>france</b>
septembre 2011
taux: 2.64%
écart avec Allemagne: 0.78%"
2011-09-16	IT	italy	5.528090909090909	TRUE	3.6615909090909087	"<b>italy</b>
septembre 2011
taux: 5.53%
écart avec Allemagne: 3.66%"
2011-10-16	DE	germany	2.0454285714285714	TRUE	0	"<b>germany</b>
octobre 2011
taux: 2.05%
écart avec Allemagne: 0%"
2011-10-16	FR	france	3.002190476190476	TRUE	0.9567619047619047	"<b>france</b>
octobre 2011
taux: 3%
écart avec Allemagne: 0.96%"
2011-10-16	IT	italy	5.774857142857143	TRUE	3.7294285714285715	"<b>italy</b>
octobre 2011
taux: 5.77%
écart avec Allemagne: 3.73%"
2011-11-16	DE	germany	1.9411363636363637	TRUE	0	"<b>germany</b>
novembre 2011
taux: 1.94%
écart avec Allemagne: 0%"
2011-11-16	FR	france	3.408227272727273	TRUE	1.4670909090909092	"<b>france</b>
novembre 2011
taux: 3.41%
écart avec Allemagne: 1.47%"
2011-11-16	IT	italy	6.8038181818181815	TRUE	4.862681818181818	"<b>italy</b>
novembre 2011
taux: 6.8%
écart avec Allemagne: 4.86%"
2011-12-16	DE	germany	2.007	TRUE	0	"<b>germany</b>
décembre 2011
taux: 2.01%
écart avec Allemagne: 0%"
2011-12-16	FR	france	3.1555238095238094	TRUE	1.1485238095238093	"<b>france</b>
décembre 2011
taux: 3.16%
écart avec Allemagne: 1.15%"
2011-12-16	IT	italy	6.816904761904762	TRUE	4.809904761904761	"<b>italy</b>
décembre 2011
taux: 6.82%
écart avec Allemagne: 4.81%"
2012-01-16	DE	germany	1.861590909090909	TRUE	0	"<b>germany</b>
janvier 2012
taux: 1.86%
écart avec Allemagne: 0%"
2012-01-16	FR	france	3.1809090909090907	TRUE	1.3193181818181816	"<b>france</b>
janvier 2012
taux: 3.18%
écart avec Allemagne: 1.32%"
2012-01-16	IT	italy	6.554454545454545	TRUE	4.6928636363636365	"<b>italy</b>
janvier 2012
taux: 6.55%
écart avec Allemagne: 4.69%"
2012-02-16	DE	germany	1.903952380952381	TRUE	0	"<b>germany</b>
février 2012
taux: 1.9%
écart avec Allemagne: 0%"
2012-02-16	FR	france	3.0166190476190478	TRUE	1.1126666666666667	"<b>france</b>
février 2012
taux: 3.02%
écart avec Allemagne: 1.11%"
2012-02-16	IT	italy	5.536380952380952	TRUE	3.632428571428571	"<b>italy</b>
février 2012
taux: 5.54%
écart avec Allemagne: 3.63%"
2012-03-16	DE	germany	1.8761818181818182	TRUE	0	"<b>germany</b>
mars 2012
taux: 1.88%
écart avec Allemagne: 0%"
2012-03-16	FR	france	2.954181818181818	TRUE	1.0779999999999998	"<b>france</b>
mars 2012
taux: 2.95%
écart avec Allemagne: 1.08%"
2012-03-16	IT	italy	4.965772727272727	TRUE	3.0895909090909086	"<b>italy</b>
mars 2012
taux: 4.97%
écart avec Allemagne: 3.09%"
2012-04-16	DE	germany	1.7251052631578947	TRUE	0	"<b>germany</b>
avril 2012
taux: 1.73%
écart avec Allemagne: 0%"
2012-04-16	FR	france	2.993105263157895	TRUE	1.2680000000000002	"<b>france</b>
avril 2012
taux: 2.99%
écart avec Allemagne: 1.27%"
2012-04-16	IT	italy	5.5114210526315786	TRUE	3.786315789473684	"<b>italy</b>
avril 2012
taux: 5.51%
écart avec Allemagne: 3.79%"
2012-05-16	DE	germany	1.4584545454545454	TRUE	0	"<b>germany</b>
mai 2012
taux: 1.46%
écart avec Allemagne: 0%"
2012-05-16	FR	france	2.750909090909091	TRUE	1.2924545454545455	"<b>france</b>
mai 2012
taux: 2.75%
écart avec Allemagne: 1.29%"
2012-05-16	IT	italy	5.775909090909091	TRUE	4.317454545454546	"<b>italy</b>
mai 2012
taux: 5.78%
écart avec Allemagne: 4.32%"
2012-06-16	DE	germany	1.431857142857143	TRUE	0	"<b>germany</b>
juin 2012
taux: 1.43%
écart avec Allemagne: 0%"
2012-06-16	FR	france	2.5695238095238095	TRUE	1.1376666666666666	"<b>france</b>
juin 2012
taux: 2.57%
écart avec Allemagne: 1.14%"
2012-06-16	IT	italy	5.92252380952381	TRUE	4.490666666666667	"<b>italy</b>
juin 2012
taux: 5.92%
écart avec Allemagne: 4.49%"
2012-07-16	DE	germany	1.3097272727272726	TRUE	0	"<b>germany</b>
juillet 2012
taux: 1.31%
écart avec Allemagne: 0%"
2012-07-16	FR	france	2.2834545454545454	TRUE	0.9737272727272728	"<b>france</b>
juillet 2012
taux: 2.28%
écart avec Allemagne: 0.97%"
2012-07-16	IT	italy	6.037136363636364	TRUE	4.727409090909092	"<b>italy</b>
juillet 2012
taux: 6.04%
écart avec Allemagne: 4.73%"
2012-08-16	DE	germany	1.4174782608695653	TRUE	0	"<b>germany</b>
août 2012
taux: 1.42%
écart avec Allemagne: 0%"
2012-08-16	FR	france	2.120304347826087	TRUE	0.7028260869565217	"<b>france</b>
août 2012
taux: 2.12%
écart avec Allemagne: 0.7%"
2012-08-16	IT	italy	5.838909090909091	TRUE	4.421430830039526	"<b>italy</b>
août 2012
taux: 5.84%
écart avec Allemagne: 4.42%"
2012-09-16	DE	germany	1.5392	TRUE	0	"<b>germany</b>
septembre 2012
taux: 1.54%
écart avec Allemagne: 0%"
2012-09-16	FR	france	2.2365	TRUE	0.6973	"<b>france</b>
septembre 2012
taux: 2.24%
écart avec Allemagne: 0.7%"
2012-09-16	IT	italy	5.2021500000000005	TRUE	3.6629500000000004	"<b>italy</b>
septembre 2012
taux: 5.2%
écart avec Allemagne: 3.66%"
2012-10-16	DE	germany	1.5196521739130435	TRUE	0	"<b>germany</b>
octobre 2012
taux: 1.52%
écart avec Allemagne: 0%"
2012-10-16	FR	france	2.186826086956522	TRUE	0.6671739130434784	"<b>france</b>
octobre 2012
taux: 2.19%
écart avec Allemagne: 0.67%"
2012-10-16	IT	italy	4.963869565217391	TRUE	3.4442173913043472	"<b>italy</b>
octobre 2012
taux: 4.96%
écart avec Allemagne: 3.44%"
2012-11-16	DE	germany	1.3915	TRUE	0	"<b>germany</b>
novembre 2012
taux: 1.39%
écart avec Allemagne: 0%"
2012-11-16	FR	france	2.1390454545454545	TRUE	0.7475454545454545	"<b>france</b>
novembre 2012
taux: 2.14%
écart avec Allemagne: 0.75%"
2012-11-16	IT	italy	4.852818181818182	TRUE	3.461318181818182	"<b>italy</b>
novembre 2012
taux: 4.85%
écart avec Allemagne: 3.46%"
2012-12-16	DE	germany	1.3555882352941175	TRUE	0	"<b>germany</b>
décembre 2012
taux: 1.36%
écart avec Allemagne: 0%"
2012-12-16	FR	france	1.9969411764705882	TRUE	0.6413529411764707	"<b>france</b>
décembre 2012
taux: 2%
écart avec Allemagne: 0.64%"
2012-12-16	IT	italy	4.540764705882353	TRUE	3.1851764705882353	"<b>italy</b>
décembre 2012
taux: 4.54%
écart avec Allemagne: 3.19%"
2013-01-16	DE	germany	1.5656363636363637	TRUE	0	"<b>germany</b>
janvier 2013
taux: 1.57%
écart avec Allemagne: 0%"
2013-01-16	FR	france	2.1664545454545454	TRUE	0.6008181818181817	"<b>france</b>
janvier 2013
taux: 2.17%
écart avec Allemagne: 0.6%"
2013-01-16	IT	italy	4.215909090909091	TRUE	2.650272727272727	"<b>italy</b>
janvier 2013
taux: 4.22%
écart avec Allemagne: 2.65%"
2013-02-16	DE	germany	1.60115	TRUE	0	"<b>germany</b>
février 2013
taux: 1.6%
écart avec Allemagne: 0%"
2013-02-16	FR	france	2.2447	TRUE	0.6435499999999998	"<b>france</b>
février 2013
taux: 2.24%
écart avec Allemagne: 0.64%"
2013-02-16	IT	italy	4.50735	TRUE	2.9061999999999997	"<b>italy</b>
février 2013
taux: 4.51%
écart avec Allemagne: 2.91%"
2013-03-16	DE	germany	1.4139	TRUE	0	"<b>germany</b>
mars 2013
taux: 1.41%
écart avec Allemagne: 0%"
2013-03-16	FR	france	2.07015	TRUE	0.65625	"<b>france</b>
mars 2013
taux: 2.07%
écart avec Allemagne: 0.66%"
2013-03-16	IT	italy	4.65535	TRUE	3.2414500000000004	"<b>italy</b>
mars 2013
taux: 4.66%
écart avec Allemagne: 3.24%"
2013-04-16	DE	germany	1.2497142857142858	TRUE	0	"<b>germany</b>
avril 2013
taux: 1.25%
écart avec Allemagne: 0%"
2013-04-16	FR	france	1.8023333333333333	TRUE	0.5526190476190476	"<b>france</b>
avril 2013
taux: 1.8%
écart avec Allemagne: 0.55%"
2013-04-16	IT	italy	4.250380952380953	TRUE	3.0006666666666666	"<b>italy</b>
avril 2013
taux: 4.25%
écart avec Allemagne: 3%"
2013-05-16	DE	germany	1.3735217391304348	TRUE	0	"<b>germany</b>
mai 2013
taux: 1.37%
écart avec Allemagne: 0%"
2013-05-16	FR	france	1.8794782608695653	TRUE	0.5059565217391304	"<b>france</b>
mai 2013
taux: 1.88%
écart avec Allemagne: 0.51%"
2013-05-16	IT	italy	3.971217391304348	TRUE	2.597695652173913	"<b>italy</b>
mai 2013
taux: 3.97%
écart avec Allemagne: 2.6%"
2013-06-16	DE	germany	1.6189130434782608	TRUE	0	"<b>germany</b>
juin 2013
taux: 1.62%
écart avec Allemagne: 0%"
2013-06-16	FR	france	2.2080434782608696	TRUE	0.5891304347826087	"<b>france</b>
juin 2013
taux: 2.21%
écart avec Allemagne: 0.59%"
2013-06-16	IT	italy	4.393	TRUE	2.7740869565217388	"<b>italy</b>
juin 2013
taux: 4.39%
écart avec Allemagne: 2.77%"
2013-07-16	DE	germany	1.6278695652173913	TRUE	0	"<b>germany</b>
juillet 2013
taux: 1.63%
écart avec Allemagne: 0%"
2013-07-16	FR	france	2.249217391304348	TRUE	0.6213478260869565	"<b>france</b>
juillet 2013
taux: 2.25%
écart avec Allemagne: 0.62%"
2013-07-16	IT	italy	4.426608695652174	TRUE	2.7987391304347824	"<b>italy</b>
juillet 2013
taux: 4.43%
écart avec Allemagne: 2.8%"
2013-08-16	DE	germany	1.7922083333333334	TRUE	0	"<b>germany</b>
août 2013
taux: 1.79%
écart avec Allemagne: 0%"
2013-08-16	FR	france	2.3510833333333334	TRUE	0.558875	"<b>france</b>
août 2013
taux: 2.35%
écart avec Allemagne: 0.56%"
2013-08-16	IT	italy	4.281958333333334	TRUE	2.4897500000000004	"<b>italy</b>
août 2013
taux: 4.28%
écart avec Allemagne: 2.49%"
2013-09-16	DE	germany	1.9223703703703705	TRUE	0	"<b>germany</b>
septembre 2013
taux: 1.92%
écart avec Allemagne: 0%"
2013-09-16	FR	france	2.483925925925926	TRUE	0.5615555555555554	"<b>france</b>
septembre 2013
taux: 2.48%
écart avec Allemagne: 0.56%"
2013-09-16	IT	italy	4.480518518518519	TRUE	2.558148148148148	"<b>italy</b>
septembre 2013
taux: 4.48%
écart avec Allemagne: 2.56%"
2013-10-16	DE	germany	1.8088846153846154	TRUE	0	"<b>germany</b>
octobre 2013
taux: 1.81%
écart avec Allemagne: 0%"
2013-10-16	FR	france	2.3918	TRUE	0.5829153846153845	"<b>france</b>
octobre 2013
taux: 2.39%
écart avec Allemagne: 0.58%"
2013-10-16	IT	italy	4.24928	TRUE	2.4403953846153845	"<b>italy</b>
octobre 2013
taux: 4.25%
écart avec Allemagne: 2.44%"
2013-11-16	DE	germany	1.7191739130434782	TRUE	0	"<b>germany</b>
novembre 2013
taux: 1.72%
écart avec Allemagne: 0%"
2013-11-16	FR	france	2.2630434782608697	TRUE	0.5438695652173915	"<b>france</b>
novembre 2013
taux: 2.26%
écart avec Allemagne: 0.54%"
2013-11-16	IT	italy	4.1	TRUE	2.3808260869565214	"<b>italy</b>
novembre 2013
taux: 4.1%
écart avec Allemagne: 2.38%"
2013-12-16	DE	germany	1.8513333333333333	TRUE	0	"<b>germany</b>
décembre 2013
taux: 1.85%
écart avec Allemagne: 0%"
2013-12-16	FR	france	2.3316190476190477	TRUE	0.4802857142857144	"<b>france</b>
décembre 2013
taux: 2.33%
écart avec Allemagne: 0.48%"
2013-12-16	IT	italy	4.12	TRUE	2.268666666666667	"<b>italy</b>
décembre 2013
taux: 4.12%
écart avec Allemagne: 2.27%"
2014-01-16	DE	germany	1.7825909090909091	TRUE	0	"<b>germany</b>
janvier 2014
taux: 1.78%
écart avec Allemagne: 0%"
2014-01-16	FR	france	2.3850000000000002	TRUE	0.6024090909090911	"<b>france</b>
janvier 2014
taux: 2.39%
écart avec Allemagne: 0.6%"
2014-01-16	IT	italy	3.8715454545454544	TRUE	2.0889545454545453	"<b>italy</b>
janvier 2014
taux: 3.87%
écart avec Allemagne: 2.09%"
2014-02-16	DE	germany	1.6637	TRUE	0	"<b>germany</b>
février 2014
taux: 1.66%
écart avec Allemagne: 0%"
2014-02-16	FR	france	2.2517	TRUE	0.5880000000000001	"<b>france</b>
février 2014
taux: 2.25%
écart avec Allemagne: 0.59%"
2014-02-16	IT	italy	3.65105	TRUE	1.9873500000000002	"<b>italy</b>
février 2014
taux: 3.65%
écart avec Allemagne: 1.99%"
2014-03-16	DE	germany	1.5947272727272728	TRUE	0	"<b>germany</b>
mars 2014
taux: 1.59%
écart avec Allemagne: 0%"
2014-03-16	FR	france	2.1529545454545453	TRUE	0.5582272727272726	"<b>france</b>
mars 2014
taux: 2.15%
écart avec Allemagne: 0.56%"
2014-03-16	IT	italy	3.3891363636363634	TRUE	1.7944090909090906	"<b>italy</b>
mars 2014
taux: 3.39%
écart avec Allemagne: 1.79%"
2014-04-16	DE	germany	1.53155	TRUE	0	"<b>germany</b>
avril 2014
taux: 1.53%
écart avec Allemagne: 0%"
2014-04-16	FR	france	2.02835	TRUE	0.49680000000000013	"<b>france</b>
avril 2014
taux: 2.03%
écart avec Allemagne: 0.5%"
2014-04-16	IT	italy	3.1652	TRUE	1.63365	"<b>italy</b>
avril 2014
taux: 3.17%
écart avec Allemagne: 1.63%"
2014-05-16	DE	germany	1.3961666666666666	TRUE	0	"<b>germany</b>
mai 2014
taux: 1.4%
écart avec Allemagne: 0%"
2014-05-16	FR	france	1.8379166666666666	TRUE	0.4417500000000001	"<b>france</b>
mai 2014
taux: 1.84%
écart avec Allemagne: 0.44%"
2014-05-16	IT	italy	3.0484999999999998	TRUE	1.6523333333333332	"<b>italy</b>
mai 2014
taux: 3.05%
écart avec Allemagne: 1.65%"
2014-06-16	DE	germany	1.3532380952380951	TRUE	0	"<b>germany</b>
juin 2014
taux: 1.35%
écart avec Allemagne: 0%"
2014-06-16	FR	france	1.7123809523809523	TRUE	0.3591428571428572	"<b>france</b>
juin 2014
taux: 1.71%
écart avec Allemagne: 0.36%"
2014-06-16	IT	italy	2.813761904761905	TRUE	1.4605238095238098	"<b>italy</b>
juin 2014
taux: 2.81%
écart avec Allemagne: 1.46%"
2014-07-16	DE	germany	1.1949615384615384	TRUE	0	"<b>germany</b>
juillet 2014
taux: 1.19%
écart avec Allemagne: 0%"
2014-07-16	FR	france	1.5598076923076922	TRUE	0.3648461538461538	"<b>france</b>
juillet 2014
taux: 1.56%
écart avec Allemagne: 0.36%"
2014-07-16	IT	italy	2.7913076923076923	TRUE	1.5963461538461539	"<b>italy</b>
juillet 2014
taux: 2.79%
écart avec Allemagne: 1.6%"
2014-08-16	DE	germany	1.018625	TRUE	0	"<b>germany</b>
août 2014
taux: 1.02%
écart avec Allemagne: 0%"
2014-08-16	FR	france	1.405375	TRUE	0.38675000000000015	"<b>france</b>
août 2014
taux: 1.41%
écart avec Allemagne: 0.39%"
2014-08-16	IT	italy	2.641541666666667	TRUE	1.622916666666667	"<b>italy</b>
août 2014
taux: 2.64%
écart avec Allemagne: 1.62%"
2014-09-16	DE	germany	0.9993333333333333	TRUE	0	"<b>germany</b>
septembre 2014
taux: 1%
écart avec Allemagne: 0%"
2014-09-16	FR	france	1.3534166666666667	TRUE	0.3540833333333334	"<b>france</b>
septembre 2014
taux: 1.35%
écart avec Allemagne: 0.35%"
2014-09-16	IT	italy	2.4037916666666668	TRUE	1.4044583333333334	"<b>italy</b>
septembre 2014
taux: 2.4%
écart avec Allemagne: 1.4%"
2014-10-16	DE	germany	0.8766956521739131	TRUE	0	"<b>germany</b>
octobre 2014
taux: 0.88%
écart avec Allemagne: 0%"
2014-10-16	FR	france	1.2585652173913044	TRUE	0.38186956521739135	"<b>france</b>
octobre 2014
taux: 1.26%
écart avec Allemagne: 0.38%"
2014-10-16	IT	italy	2.4234347826086955	TRUE	1.5467391304347824	"<b>italy</b>
octobre 2014
taux: 2.42%
écart avec Allemagne: 1.55%"
2014-11-16	DE	germany	0.7906818181818182	TRUE	0	"<b>germany</b>
novembre 2014
taux: 0.79%
écart avec Allemagne: 0%"
2014-11-16	FR	france	1.1308636363636364	TRUE	0.34018181818181825	"<b>france</b>
novembre 2014
taux: 1.13%
écart avec Allemagne: 0.34%"
2014-11-16	IT	italy	2.278	TRUE	1.487318181818182	"<b>italy</b>
novembre 2014
taux: 2.28%
écart avec Allemagne: 1.49%"
2014-12-16	DE	germany	0.6453913043478261	TRUE	0	"<b>germany</b>
décembre 2014
taux: 0.65%
écart avec Allemagne: 0%"
2014-12-16	FR	france	0.9215652173913044	TRUE	0.27617391304347827	"<b>france</b>
décembre 2014
taux: 0.92%
écart avec Allemagne: 0.28%"
2014-12-16	IT	italy	1.9830434782608695	TRUE	1.3376521739130434	"<b>italy</b>
décembre 2014
taux: 1.98%
écart avec Allemagne: 1.34%"
2015-01-16	DE	germany	0.43933333333333335	TRUE	0	"<b>germany</b>
janvier 2015
taux: 0.44%
écart avec Allemagne: 0%"
2015-01-16	FR	france	0.6743809523809524	TRUE	0.23504761904761906	"<b>france</b>
janvier 2015
taux: 0.67%
écart avec Allemagne: 0.24%"
2015-01-16	IT	italy	1.7332857142857143	TRUE	1.293952380952381	"<b>italy</b>
janvier 2015
taux: 1.73%
écart avec Allemagne: 1.29%"
2015-02-16	DE	germany	0.35248	TRUE	0	"<b>germany</b>
février 2015
taux: 0.35%
écart avec Allemagne: 0%"
2015-02-16	FR	france	0.5913333333333334	TRUE	0.23885333333333336	"<b>france</b>
février 2015
taux: 0.59%
écart avec Allemagne: 0.24%"
2015-02-16	IT	italy	1.5902916666666667	TRUE	1.2378116666666665	"<b>italy</b>
février 2015
taux: 1.59%
écart avec Allemagne: 1.24%"
2015-03-16	DE	germany	0.264	TRUE	0	"<b>germany</b>
mars 2015
taux: 0.26%
écart avec Allemagne: 0%"
2015-03-16	FR	france	0.50564	TRUE	0.24163999999999997	"<b>france</b>
mars 2015
taux: 0.51%
écart avec Allemagne: 0.24%"
2015-03-16	IT	italy	1.2848	TRUE	1.0208	"<b>italy</b>
mars 2015
taux: 1.28%
écart avec Allemagne: 1.02%"
2015-04-16	DE	germany	0.16234782608695653	TRUE	0	"<b>germany</b>
avril 2015
taux: 0.16%
écart avec Allemagne: 0%"
2015-04-16	FR	france	0.43627272727272726	TRUE	0.27392490118577073	"<b>france</b>
avril 2015
taux: 0.44%
écart avec Allemagne: 0.27%"
2015-04-16	IT	italy	1.3531904761904763	TRUE	1.1908426501035199	"<b>italy</b>
avril 2015
taux: 1.35%
écart avec Allemagne: 1.19%"
2015-05-16	DE	germany	0.5838095238095238	TRUE	0	"<b>germany</b>
mai 2015
taux: 0.58%
écart avec Allemagne: 0%"
2015-05-16	FR	france	0.8816	TRUE	0.29779047619047627	"<b>france</b>
mai 2015
taux: 0.88%
écart avec Allemagne: 0.3%"
2015-05-16	IT	italy	1.8232	TRUE	1.2393904761904762	"<b>italy</b>
mai 2015
taux: 1.82%
écart avec Allemagne: 1.24%"
2015-06-16	DE	germany	0.83844	TRUE	0	"<b>germany</b>
juin 2015
taux: 0.84%
écart avec Allemagne: 0%"
2015-06-16	FR	france	1.193	TRUE	0.3545600000000001	"<b>france</b>
juin 2015
taux: 1.19%
écart avec Allemagne: 0.35%"
2015-06-16	IT	italy	2.2064166666666667	TRUE	1.3679766666666668	"<b>italy</b>
juin 2015
taux: 2.21%
écart avec Allemagne: 1.37%"
2015-07-16	DE	germany	0.7569583333333333	TRUE	0	"<b>germany</b>
juillet 2015
taux: 0.76%
écart avec Allemagne: 0%"
2015-07-16	FR	france	1.1152083333333334	TRUE	0.35825000000000007	"<b>france</b>
juillet 2015
taux: 1.12%
écart avec Allemagne: 0.36%"
2015-07-16	IT	italy	2.042625	TRUE	1.2856666666666667	"<b>italy</b>
juillet 2015
taux: 2.04%
écart avec Allemagne: 1.29%"
2015-08-16	DE	germany	0.6652380952380952	TRUE	0	"<b>germany</b>
août 2015
taux: 0.67%
écart avec Allemagne: 0%"
2015-08-16	FR	france	0.9973809523809524	TRUE	0.3321428571428572	"<b>france</b>
août 2015
taux: 1%
écart avec Allemagne: 0.33%"
2015-08-16	IT	italy	1.8452380952380951	TRUE	1.18	"<b>italy</b>
août 2015
taux: 1.85%
écart avec Allemagne: 1.18%"
2015-09-16	DE	germany	0.677	TRUE	0	"<b>germany</b>
septembre 2015
taux: 0.68%
écart avec Allemagne: 0%"
2015-09-16	FR	france	1.003391304347826	TRUE	0.32639130434782593	"<b>france</b>
septembre 2015
taux: 1%
écart avec Allemagne: 0.33%"
2015-09-16	IT	italy	1.8358260869565217	TRUE	1.1588260869565217	"<b>italy</b>
septembre 2015
taux: 1.84%
écart avec Allemagne: 1.16%"
2015-10-16	DE	germany	0.5480357142857143	TRUE	0	"<b>germany</b>
octobre 2015
taux: 0.55%
écart avec Allemagne: 0%"
2015-10-16	FR	france	0.8598571428571429	TRUE	0.3118214285714286	"<b>france</b>
octobre 2015
taux: 0.86%
écart avec Allemagne: 0.31%"
2015-10-16	IT	italy	1.5972142857142857	TRUE	1.0491785714285715	"<b>italy</b>
octobre 2015
taux: 1.6%
écart avec Allemagne: 1.05%"
2015-11-16	DE	germany	0.5534153846153846	TRUE	0	"<b>germany</b>
novembre 2015
taux: 0.55%
écart avec Allemagne: 0%"
2015-11-16	FR	france	0.886576923076923	TRUE	0.3331615384615384	"<b>france</b>
novembre 2015
taux: 0.89%
écart avec Allemagne: 0.33%"
2015-11-16	IT	italy	1.56236	TRUE	1.0089446153846153	"<b>italy</b>
novembre 2015
taux: 1.56%
écart avec Allemagne: 1.01%"
2015-12-16	DE	germany	0.59586	TRUE	0	"<b>germany</b>
décembre 2015
taux: 0.6%
écart avec Allemagne: 0%"
2015-12-16	FR	france	0.9363913043478261	TRUE	0.3405313043478262	"<b>france</b>
décembre 2015
taux: 0.94%
écart avec Allemagne: 0.34%"
2015-12-16	IT	italy	1.59932	TRUE	1.00346	"<b>italy</b>
décembre 2015
taux: 1.6%
écart avec Allemagne: 1%"
2016-01-16	DE	germany	0.49846666666666667	TRUE	0	"<b>germany</b>
janvier 2016
taux: 0.5%
écart avec Allemagne: 0%"
2016-01-16	FR	france	0.858625	TRUE	0.3601583333333333	"<b>france</b>
janvier 2016
taux: 0.86%
écart avec Allemagne: 0.36%"
2016-01-16	IT	italy	1.5537083333333332	TRUE	1.0552416666666666	"<b>italy</b>
janvier 2016
taux: 1.55%
écart avec Allemagne: 1.06%"
2016-02-16	DE	germany	0.2271304347826087	TRUE	0	"<b>germany</b>
février 2016
taux: 0.23%
écart avec Allemagne: 0%"
2016-02-16	FR	france	0.5921739130434782	TRUE	0.3650434782608695	"<b>france</b>
février 2016
taux: 0.59%
écart avec Allemagne: 0.37%"
2016-02-16	IT	italy	1.5707826086956522	TRUE	1.3436521739130436	"<b>italy</b>
février 2016
taux: 1.57%
écart avec Allemagne: 1.34%"
2016-03-16	DE	germany	0.22004761904761905	TRUE	0	"<b>germany</b>
mars 2016
taux: 0.22%
écart avec Allemagne: 0%"
2016-03-16	FR	france	0.5081904761904762	TRUE	0.28814285714285715	"<b>france</b>
mars 2016
taux: 0.51%
écart avec Allemagne: 0.29%"
2016-03-16	IT	italy	1.3395714285714286	TRUE	1.1195238095238096	"<b>italy</b>
mars 2016
taux: 1.34%
écart avec Allemagne: 1.12%"
2016-04-16	DE	germany	0.17819047619047618	TRUE	0	"<b>germany</b>
avril 2016
taux: 0.18%
écart avec Allemagne: 0%"
2016-04-16	FR	france	0.5097142857142857	TRUE	0.3315238095238095	"<b>france</b>
avril 2016
taux: 0.51%
écart avec Allemagne: 0.33%"
2016-04-16	IT	italy	1.387952380952381	TRUE	1.2097619047619048	"<b>italy</b>
avril 2016
taux: 1.39%
écart avec Allemagne: 1.21%"
2016-05-16	DE	germany	0.16086363636363638	TRUE	0	"<b>germany</b>
mai 2016
taux: 0.16%
écart avec Allemagne: 0%"
2016-05-16	FR	france	0.5112272727272728	TRUE	0.3503636363636364	"<b>france</b>
mai 2016
taux: 0.51%
écart avec Allemagne: 0.35%"
2016-05-16	IT	italy	1.4568636363636365	TRUE	1.296	"<b>italy</b>
mai 2016
taux: 1.46%
écart avec Allemagne: 1.3%"
2016-06-16	DE	germany	0.014813636363636364	TRUE	0	"<b>germany</b>
juin 2016
taux: 0.01%
écart avec Allemagne: 0%"
2016-06-16	FR	france	0.3905909090909091	TRUE	0.37577727272727274	"<b>france</b>
juin 2016
taux: 0.39%
écart avec Allemagne: 0.38%"
2016-06-16	IT	italy	1.3773181818181819	TRUE	1.3625045454545455	"<b>italy</b>
juin 2016
taux: 1.38%
écart avec Allemagne: 1.36%"
2016-07-16	DE	germany	-0.09280952380952381	TRUE	0	"<b>germany</b>
juillet 2016
taux: -0.09%
écart avec Allemagne: 0%"
2016-07-16	FR	france	0.17295238095238094	TRUE	0.26576190476190475	"<b>france</b>
juillet 2016
taux: 0.17%
écart avec Allemagne: 0.27%"
2016-07-16	IT	italy	1.229809523809524	TRUE	1.3226190476190478	"<b>italy</b>
juillet 2016
taux: 1.23%
écart avec Allemagne: 1.32%"
2016-08-16	DE	germany	-0.07480769230769231	TRUE	0	"<b>germany</b>
août 2016
taux: -0.07%
écart avec Allemagne: 0%"
2016-08-16	FR	france	0.1493846153846154	TRUE	0.2241923076923077	"<b>france</b>
août 2016
taux: 0.15%
écart avec Allemagne: 0.22%"
2016-08-16	IT	italy	1.1198076923076923	TRUE	1.1946153846153846	"<b>italy</b>
août 2016
taux: 1.12%
écart avec Allemagne: 1.19%"
2016-09-16	DE	germany	-0.04932	TRUE	0	"<b>germany</b>
septembre 2016
taux: -0.05%
écart avec Allemagne: 0%"
2016-09-16	FR	france	0.18288000000000001	TRUE	0.23220000000000002	"<b>france</b>
septembre 2016
taux: 0.18%
écart avec Allemagne: 0.23%"
2016-09-16	IT	italy	1.22596	TRUE	1.27528	"<b>italy</b>
septembre 2016
taux: 1.23%
écart avec Allemagne: 1.28%"
2016-10-16	DE	germany	0.04322727272727273	TRUE	0	"<b>germany</b>
octobre 2016
taux: 0.04%
écart avec Allemagne: 0%"
2016-10-16	FR	france	0.327	TRUE	0.2837727272727273	"<b>france</b>
octobre 2016
taux: 0.33%
écart avec Allemagne: 0.28%"
2016-10-16	IT	italy	1.4255454545454544	TRUE	1.3823181818181818	"<b>italy</b>
octobre 2016
taux: 1.43%
écart avec Allemagne: 1.38%"
2016-11-16	DE	germany	0.23495454545454547	TRUE	0	"<b>germany</b>
novembre 2016
taux: 0.23%
écart avec Allemagne: 0%"
2016-11-16	FR	france	0.6643636363636364	TRUE	0.4294090909090909	"<b>france</b>
novembre 2016
taux: 0.66%
écart avec Allemagne: 0.43%"
2016-11-16	IT	italy	1.9422272727272727	TRUE	1.7072727272727273	"<b>italy</b>
novembre 2016
taux: 1.94%
écart avec Allemagne: 1.71%"
2016-12-16	DE	germany	0.2923181818181818	TRUE	0	"<b>germany</b>
décembre 2016
taux: 0.29%
écart avec Allemagne: 0%"
2016-12-16	FR	france	0.7522272727272727	TRUE	0.45990909090909093	"<b>france</b>
décembre 2016
taux: 0.75%
écart avec Allemagne: 0.46%"
2016-12-16	IT	italy	1.889181818181818	TRUE	1.5968636363636364	"<b>italy</b>
décembre 2016
taux: 1.89%
écart avec Allemagne: 1.6%"
2017-01-16	DE	germany	0.3463636363636364	TRUE	0	"<b>germany</b>
janvier 2017
taux: 0.35%
écart avec Allemagne: 0%"
2017-01-16	FR	france	0.8618636363636364	TRUE	0.5155000000000001	"<b>france</b>
janvier 2017
taux: 0.86%
écart avec Allemagne: 0.52%"
2017-01-16	IT	italy	1.9957727272727273	TRUE	1.6494090909090908	"<b>italy</b>
janvier 2017
taux: 2%
écart avec Allemagne: 1.65%"
2017-02-16	DE	germany	0.31875	TRUE	0	"<b>germany</b>
février 2017
taux: 0.32%
écart avec Allemagne: 0%"
2017-02-16	FR	france	1.0295	TRUE	0.7107500000000001	"<b>france</b>
février 2017
taux: 1.03%
écart avec Allemagne: 0.71%"
2017-02-16	IT	italy	2.22455	TRUE	1.9057999999999997	"<b>italy</b>
février 2017
taux: 2.22%
écart avec Allemagne: 1.91%"
2017-03-16	DE	germany	0.39644	TRUE	0	"<b>germany</b>
mars 2017
taux: 0.4%
écart avec Allemagne: 0%"
2017-03-16	FR	france	1.02244	TRUE	0.626	"<b>france</b>
mars 2017
taux: 1.02%
écart avec Allemagne: 0.63%"
2017-03-16	IT	italy	2.33616	TRUE	1.9397199999999999	"<b>italy</b>
mars 2017
taux: 2.34%
écart avec Allemagne: 1.94%"
2017-04-16	DE	germany	0.25147619047619046	TRUE	0	"<b>germany</b>
avril 2017
taux: 0.25%
écart avec Allemagne: 0%"
2017-04-16	FR	france	0.8815714285714286	TRUE	0.630095238095238	"<b>france</b>
avril 2017
taux: 0.88%
écart avec Allemagne: 0.63%"
2017-04-16	IT	italy	2.2704285714285715	TRUE	2.018952380952381	"<b>italy</b>
avril 2017
taux: 2.27%
écart avec Allemagne: 2.02%"
2017-05-16	DE	germany	0.3782083333333333	TRUE	0	"<b>germany</b>
mai 2017
taux: 0.38%
écart avec Allemagne: 0%"
2017-05-16	FR	france	0.7969166666666667	TRUE	0.4187083333333334	"<b>france</b>
mai 2017
taux: 0.8%
écart avec Allemagne: 0.42%"
2017-05-16	IT	italy	2.200625	TRUE	1.8224166666666668	"<b>italy</b>
mai 2017
taux: 2.2%
écart avec Allemagne: 1.82%"
2017-06-16	DE	germany	0.28968	TRUE	0	"<b>germany</b>
juin 2017
taux: 0.29%
écart avec Allemagne: 0%"
2017-06-16	FR	france	0.6602916666666666	TRUE	0.3706116666666666	"<b>france</b>
juin 2017
taux: 0.66%
écart avec Allemagne: 0.37%"
2017-06-16	IT	italy	2.054608695652174	TRUE	1.7649286956521741	"<b>italy</b>
juin 2017
taux: 2.05%
écart avec Allemagne: 1.76%"
2017-07-16	DE	germany	0.53888	TRUE	0	"<b>germany</b>
juillet 2017
taux: 0.54%
écart avec Allemagne: 0%"
2017-07-16	FR	france	0.8405199999999999	TRUE	0.3016399999999999	"<b>france</b>
juillet 2017
taux: 0.84%
écart avec Allemagne: 0.3%"
2017-07-16	IT	italy	2.1863333333333332	TRUE	1.6474533333333332	"<b>italy</b>
juillet 2017
taux: 2.19%
écart avec Allemagne: 1.65%"
2017-08-16	DE	germany	0.41729166666666667	TRUE	0	"<b>germany</b>
août 2017
taux: 0.42%
écart avec Allemagne: 0%"
2017-08-16	FR	france	0.712875	TRUE	0.29558333333333336	"<b>france</b>
août 2017
taux: 0.71%
écart avec Allemagne: 0.3%"
2017-08-16	IT	italy	2.0405416666666665	TRUE	1.6232499999999999	"<b>italy</b>
août 2017
taux: 2.04%
écart avec Allemagne: 1.62%"
2017-09-16	DE	germany	0.4046666666666667	TRUE	0	"<b>germany</b>
septembre 2017
taux: 0.4%
écart avec Allemagne: 0%"
2017-09-16	FR	france	0.7006190476190476	TRUE	0.2959523809523809	"<b>france</b>
septembre 2017
taux: 0.7%
écart avec Allemagne: 0.3%"
2017-09-16	IT	italy	2.1022380952380955	TRUE	1.6975714285714287	"<b>italy</b>
septembre 2017
taux: 2.1%
écart avec Allemagne: 1.7%"
2017-10-16	DE	germany	0.42796	TRUE	0	"<b>germany</b>
octobre 2017
taux: 0.43%
écart avec Allemagne: 0%"
2017-10-16	FR	france	0.814375	TRUE	0.38641499999999995	"<b>france</b>
octobre 2017
taux: 0.81%
écart avec Allemagne: 0.39%"
2017-10-16	IT	italy	2.068625	TRUE	1.6406649999999998	"<b>italy</b>
octobre 2017
taux: 2.07%
écart avec Allemagne: 1.64%"
2017-11-16	DE	germany	0.3645652173913043	TRUE	0	"<b>germany</b>
novembre 2017
taux: 0.36%
écart avec Allemagne: 0%"
2017-11-16	FR	france	0.7204090909090909	TRUE	0.35584387351778657	"<b>france</b>
novembre 2017
taux: 0.72%
écart avec Allemagne: 0.36%"
2017-11-16	IT	italy	1.7932272727272727	TRUE	1.4286620553359684	"<b>italy</b>
novembre 2017
taux: 1.79%
écart avec Allemagne: 1.43%"
2017-12-16	DE	germany	0.35054545454545455	TRUE	0	"<b>germany</b>
décembre 2017
taux: 0.35%
écart avec Allemagne: 0%"
2017-12-16	FR	france	0.6819090909090909	TRUE	0.33136363636363636	"<b>france</b>
décembre 2017
taux: 0.68%
écart avec Allemagne: 0.33%"
2017-12-16	IT	italy	1.8132727272727274	TRUE	1.4627272727272729	"<b>italy</b>
décembre 2017
taux: 1.81%
écart avec Allemagne: 1.46%"
2018-01-16	DE	germany	0.546125	TRUE	0	"<b>germany</b>
janvier 2018
taux: 0.55%
écart avec Allemagne: 0%"
2018-01-16	FR	france	0.8560434782608696	TRUE	0.3099184782608696	"<b>france</b>
janvier 2018
taux: 0.86%
écart avec Allemagne: 0.31%"
2018-01-16	IT	italy	1.9965652173913044	TRUE	1.4504402173913045	"<b>italy</b>
janvier 2018
taux: 2%
écart avec Allemagne: 1.45%"
2018-02-16	DE	germany	0.7218095238095238	TRUE	0	"<b>germany</b>
février 2018
taux: 0.72%
écart avec Allemagne: 0%"
2018-02-16	FR	france	0.9809523809523809	TRUE	0.2591428571428571	"<b>france</b>
février 2018
taux: 0.98%
écart avec Allemagne: 0.26%"
2018-02-16	IT	italy	2.0497619047619047	TRUE	1.327952380952381	"<b>italy</b>
février 2018
taux: 2.05%
écart avec Allemagne: 1.33%"
2018-03-16	DE	germany	0.581391304347826	TRUE	0	"<b>germany</b>
mars 2018
taux: 0.58%
écart avec Allemagne: 0%"
2018-03-16	FR	france	0.829	TRUE	0.24760869565217392	"<b>france</b>
mars 2018
taux: 0.83%
écart avec Allemagne: 0.25%"
2018-03-16	IT	italy	1.953304347826087	TRUE	1.371913043478261	"<b>italy</b>
mars 2018
taux: 1.95%
écart avec Allemagne: 1.37%"
2018-04-16	DE	germany	0.545952380952381	TRUE	0	"<b>germany</b>
avril 2018
taux: 0.55%
écart avec Allemagne: 0%"
2018-04-16	FR	france	0.7789047619047619	TRUE	0.2329523809523809	"<b>france</b>
avril 2018
taux: 0.78%
écart avec Allemagne: 0.23%"
2018-04-16	IT	italy	1.7753809523809523	TRUE	1.2294285714285713	"<b>italy</b>
avril 2018
taux: 1.78%
écart avec Allemagne: 1.23%"
2018-05-16	DE	germany	0.5153043478260869	TRUE	0	"<b>germany</b>
mai 2018
taux: 0.52%
écart avec Allemagne: 0%"
2018-05-16	FR	france	0.7882608695652173	TRUE	0.27295652173913043	"<b>france</b>
mai 2018
taux: 0.79%
écart avec Allemagne: 0.27%"
2018-05-16	IT	italy	2.213913043478261	TRUE	1.6986086956521738	"<b>italy</b>
mai 2018
taux: 2.21%
écart avec Allemagne: 1.7%"
2018-06-16	DE	germany	0.39369565217391306	TRUE	0	"<b>germany</b>
juin 2018
taux: 0.39%
écart avec Allemagne: 0%"
2018-06-16	FR	france	0.7521363636363636	TRUE	0.35844071146245055	"<b>france</b>
juin 2018
taux: 0.75%
écart avec Allemagne: 0.36%"
2018-06-16	IT	italy	2.773904761904762	TRUE	2.3802091097308486	"<b>italy</b>
juin 2018
taux: 2.77%
écart avec Allemagne: 2.38%"
2018-07-16	DE	germany	0.34839130434782606	TRUE	0	"<b>germany</b>
juillet 2018
taux: 0.35%
écart avec Allemagne: 0%"
2018-07-16	FR	france	0.6665909090909091	TRUE	0.31819960474308306	"<b>france</b>
juillet 2018
taux: 0.67%
écart avec Allemagne: 0.32%"
2018-07-16	IT	italy	2.648	TRUE	2.299608695652174	"<b>italy</b>
juillet 2018
taux: 2.65%
écart avec Allemagne: 2.3%"
2018-08-16	DE	germany	0.36165384615384616	TRUE	0	"<b>germany</b>
août 2018
taux: 0.36%
écart avec Allemagne: 0%"
2018-08-16	FR	france	0.7066666666666667	TRUE	0.3450128205128205	"<b>france</b>
août 2018
taux: 0.71%
écart avec Allemagne: 0.35%"
2018-08-16	IT	italy	3.048875	TRUE	2.6872211538461537	"<b>italy</b>
août 2018
taux: 3.05%
écart avec Allemagne: 2.69%"
2018-09-16	DE	germany	0.44223809523809526	TRUE	0	"<b>germany</b>
septembre 2018
taux: 0.44%
écart avec Allemagne: 0%"
2018-09-16	FR	france	0.765095238095238	TRUE	0.3228571428571428	"<b>france</b>
septembre 2018
taux: 0.77%
écart avec Allemagne: 0.32%"
2018-09-16	IT	italy	2.8853809523809524	TRUE	2.443142857142857	"<b>italy</b>
septembre 2018
taux: 2.89%
écart avec Allemagne: 2.44%"
2018-10-16	DE	germany	0.460375	TRUE	0	"<b>germany</b>
octobre 2018
taux: 0.46%
écart avec Allemagne: 0%"
2018-10-16	FR	france	0.8228260869565217	TRUE	0.36245108695652173	"<b>france</b>
octobre 2018
taux: 0.82%
écart avec Allemagne: 0.36%"
2018-10-16	IT	italy	3.487608695652174	TRUE	3.027233695652174	"<b>italy</b>
octobre 2018
taux: 3.49%
écart avec Allemagne: 3.03%"
2018-11-16	DE	germany	0.3846086956521739	TRUE	0	"<b>germany</b>
novembre 2018
taux: 0.38%
écart avec Allemagne: 0%"
2018-11-16	FR	france	0.7644347826086957	TRUE	0.37982608695652176	"<b>france</b>
novembre 2018
taux: 0.76%
écart avec Allemagne: 0.38%"
2018-11-16	IT	italy	3.395608695652174	TRUE	3.011	"<b>italy</b>
novembre 2018
taux: 3.4%
écart avec Allemagne: 3.01%"
2018-12-16	DE	germany	0.25563636363636366	TRUE	0	"<b>germany</b>
décembre 2018
taux: 0.26%
écart avec Allemagne: 0%"
2018-12-16	FR	france	0.7008421052631579	TRUE	0.44520574162679427	"<b>france</b>
décembre 2018
taux: 0.7%
écart avec Allemagne: 0.45%"
2018-12-16	IT	italy	2.9644285714285714	TRUE	2.7087922077922078	"<b>italy</b>
décembre 2018
taux: 2.96%
écart avec Allemagne: 2.71%"
2019-01-16	DE	germany	0.20829166666666665	TRUE	0	"<b>germany</b>
janvier 2019
taux: 0.21%
écart avec Allemagne: 0%"
2019-01-16	FR	france	0.6489565217391304	TRUE	0.4406648550724638	"<b>france</b>
janvier 2019
taux: 0.65%
écart avec Allemagne: 0.44%"
2019-01-16	IT	italy	2.7705416666666665	TRUE	2.5622499999999997	"<b>italy</b>
janvier 2019
taux: 2.77%
écart avec Allemagne: 2.56%"
2019-02-16	DE	germany	0.1265238095238095	TRUE	0	"<b>germany</b>
février 2019
taux: 0.13%
écart avec Allemagne: 0%"
2019-02-16	FR	france	0.5493809523809524	TRUE	0.42285714285714293	"<b>france</b>
février 2019
taux: 0.55%
écart avec Allemagne: 0.42%"
2019-02-16	IT	italy	2.8145238095238096	TRUE	2.688	"<b>italy</b>
février 2019
taux: 2.81%
écart avec Allemagne: 2.69%"
2019-03-16	DE	germany	0.057640000000000004	TRUE	0	"<b>germany</b>
mars 2019
taux: 0.06%
écart avec Allemagne: 0%"
2019-03-16	FR	france	0.4361904761904762	TRUE	0.37855047619047616	"<b>france</b>
mars 2019
taux: 0.44%
écart avec Allemagne: 0.38%"
2019-03-16	IT	italy	2.53912	TRUE	2.48148	"<b>italy</b>
mars 2019
taux: 2.54%
écart avec Allemagne: 2.48%"
2019-04-16	DE	germany	0.010863636363636364	TRUE	0	"<b>germany</b>
avril 2019
taux: 0.01%
écart avec Allemagne: 0%"
2019-04-16	FR	france	0.3718181818181818	TRUE	0.3609545454545455	"<b>france</b>
avril 2019
taux: 0.37%
écart avec Allemagne: 0.36%"
2019-04-16	IT	italy	2.57965	TRUE	2.5687863636363635	"<b>italy</b>
avril 2019
taux: 2.58%
écart avec Allemagne: 2.57%"
2019-05-16	DE	germany	-0.07730769230769231	TRUE	0	"<b>germany</b>
mai 2019
taux: -0.08%
écart avec Allemagne: 0%"
2019-05-16	FR	france	0.30654166666666666	TRUE	0.38384935897435896	"<b>france</b>
mai 2019
taux: 0.31%
écart avec Allemagne: 0.38%"
2019-05-16	IT	italy	2.647782608695652	TRUE	2.7250903010033443	"<b>italy</b>
mai 2019
taux: 2.65%
écart avec Allemagne: 2.73%"
2019-06-16	DE	germany	-0.26795	TRUE	0	"<b>germany</b>
juin 2019
taux: -0.27%
écart avec Allemagne: 0%"
2019-06-16	FR	france	0.07905	TRUE	0.34700000000000003	"<b>france</b>
juin 2019
taux: 0.08%
écart avec Allemagne: 0.35%"
2019-06-16	IT	italy	2.28895	TRUE	2.5568999999999997	"<b>italy</b>
juin 2019
taux: 2.29%
écart avec Allemagne: 2.56%"
2019-07-16	DE	germany	-0.3423076923076923	TRUE	0	"<b>germany</b>
juillet 2019
taux: -0.34%
écart avec Allemagne: 0%"
2019-07-16	FR	france	-0.071875	TRUE	0.2704326923076923	"<b>france</b>
juillet 2019
taux: -0.07%
écart avec Allemagne: 0.27%"
2019-07-16	IT	italy	1.6576538461538461	TRUE	1.9999615384615383	"<b>italy</b>
juillet 2019
taux: 1.66%
écart avec Allemagne: 2%"
2019-08-16	DE	germany	-0.6252727272727273	TRUE	0	"<b>germany</b>
août 2019
taux: -0.63%
écart avec Allemagne: 0%"
2019-08-16	FR	france	-0.3429090909090909	TRUE	0.28236363636363643	"<b>france</b>
août 2019
taux: -0.34%
écart avec Allemagne: 0.28%"
2019-08-16	IT	italy	1.4033636363636364	TRUE	2.028636363636364	"<b>italy</b>
août 2019
taux: 1.4%
écart avec Allemagne: 2.03%"
2019-09-16	DE	germany	-0.572304347826087	TRUE	0	"<b>germany</b>
septembre 2019
taux: -0.57%
écart avec Allemagne: 0%"
2019-09-16	FR	france	-0.2731818181818182	TRUE	0.2991225296442688	"<b>france</b>
septembre 2019
taux: -0.27%
écart avec Allemagne: 0.3%"
2019-09-16	IT	italy	0.8826818181818181	TRUE	1.454986166007905	"<b>italy</b>
septembre 2019
taux: 0.88%
écart avec Allemagne: 1.45%"
2019-10-16	DE	germany	-0.4523333333333333	TRUE	0	"<b>germany</b>
octobre 2019
taux: -0.45%
écart avec Allemagne: 0%"
2019-10-16	FR	france	-0.16079166666666667	TRUE	0.29154166666666664	"<b>france</b>
octobre 2019
taux: -0.16%
écart avec Allemagne: 0.29%"
2019-10-16	IT	italy	1.0022173913043477	TRUE	1.454550724637681	"<b>italy</b>
octobre 2019
taux: 1%
écart avec Allemagne: 1.45%"
2019-11-16	DE	germany	-0.32471739130434785	TRUE	0	"<b>germany</b>
novembre 2019
taux: -0.32%
écart avec Allemagne: 0%"
2019-11-16	FR	france	-0.019904761904761904	TRUE	0.3048126293995859	"<b>france</b>
novembre 2019
taux: -0.02%
écart avec Allemagne: 0.3%"
2019-11-16	IT	italy	1.2765652173913045	TRUE	1.6012826086956524	"<b>italy</b>
novembre 2019
taux: 1.28%
écart avec Allemagne: 1.6%"
2019-12-16	DE	germany	-0.2683409090909091	TRUE	0	"<b>germany</b>
décembre 2019
taux: -0.27%
écart avec Allemagne: 0%"
2019-12-16	FR	france	0.03723809523809524	TRUE	0.3055790043290043	"<b>france</b>
décembre 2019
taux: 0.04%
écart avec Allemagne: 0.31%"
2019-12-16	IT	italy	1.3897727272727274	TRUE	1.6581136363636364	"<b>italy</b>
décembre 2019
taux: 1.39%
écart avec Allemagne: 1.66%"
2020-01-16	DE	germany	-0.2792727272727273	TRUE	0	"<b>germany</b>
janvier 2020
taux: -0.28%
écart avec Allemagne: 0%"
2020-01-16	FR	france	-0.006772727272727271	TRUE	0.2725	"<b>france</b>
janvier 2020
taux: -0.01%
écart avec Allemagne: 0.27%"
2020-01-16	IT	italy	1.276590909090909	TRUE	1.5558636363636364	"<b>italy</b>
janvier 2020
taux: 1.28%
écart avec Allemagne: 1.56%"
2020-02-16	DE	germany	-0.433	TRUE	0	"<b>germany</b>
février 2020
taux: -0.43%
écart avec Allemagne: 0%"
2020-02-16	FR	france	-0.18025	TRUE	0.25275000000000003	"<b>france</b>
février 2020
taux: -0.18%
écart avec Allemagne: 0.25%"
2020-02-16	IT	italy	0.95985	TRUE	1.39285	"<b>italy</b>
février 2020
taux: 0.96%
écart avec Allemagne: 1.39%"
2020-03-16	DE	germany	-0.525804347826087	TRUE	0	"<b>germany</b>
mars 2020
taux: -0.53%
écart avec Allemagne: 0%"
2020-03-16	FR	france	-0.06626086956521739	TRUE	0.4595434782608696	"<b>france</b>
mars 2020
taux: -0.07%
écart avec Allemagne: 0.46%"
2020-03-16	IT	italy	1.5177391304347827	TRUE	2.0435434782608697	"<b>italy</b>
mars 2020
taux: 1.52%
écart avec Allemagne: 2.04%"
2020-04-16	DE	germany	-0.4327857142857143	TRUE	0	"<b>germany</b>
avril 2020
taux: -0.43%
écart avec Allemagne: 0%"
2020-04-16	FR	france	0.061047619047619045	TRUE	0.49383333333333335	"<b>france</b>
avril 2020
taux: 0.06%
écart avec Allemagne: 0.49%"
2020-04-16	IT	italy	1.7563809523809524	TRUE	2.1891666666666665	"<b>italy</b>
avril 2020
taux: 1.76%
écart avec Allemagne: 2.19%"
2020-05-16	DE	germany	-0.5009523809523809	TRUE	0	"<b>germany</b>
mai 2020
taux: -0.5%
écart avec Allemagne: 0%"
2020-05-16	FR	france	-0.035	TRUE	0.4659523809523809	"<b>france</b>
mai 2020
taux: -0.04%
écart avec Allemagne: 0.47%"
2020-05-16	IT	italy	1.7227142857142856	TRUE	2.2236666666666665	"<b>italy</b>
mai 2020
taux: 1.72%
écart avec Allemagne: 2.22%"
2020-06-16	DE	germany	-0.4088333333333333	TRUE	0	"<b>germany</b>
juin 2020
taux: -0.41%
écart avec Allemagne: 0%"
2020-06-16	FR	france	-0.048125	TRUE	0.3607083333333333	"<b>france</b>
juin 2020
taux: -0.05%
écart avec Allemagne: 0.36%"
2020-06-16	IT	italy	1.4039583333333334	TRUE	1.8127916666666668	"<b>italy</b>
juin 2020
taux: 1.4%
écart avec Allemagne: 1.81%"
2020-07-16	DE	germany	-0.4620625	TRUE	0	"<b>germany</b>
juillet 2020
taux: -0.46%
écart avec Allemagne: 0%"
2020-07-16	FR	france	-0.14525	TRUE	0.3168125	"<b>france</b>
juillet 2020
taux: -0.15%
écart avec Allemagne: 0.32%"
2020-07-16	IT	italy	1.1992916666666666	TRUE	1.6613541666666667	"<b>italy</b>
juillet 2020
taux: 1.2%
écart avec Allemagne: 1.66%"
2020-08-16	DE	germany	-0.4678095238095238	TRUE	0	"<b>germany</b>
août 2020
taux: -0.47%
écart avec Allemagne: 0%"
2020-08-16	FR	france	-0.17133333333333334	TRUE	0.29647619047619045	"<b>france</b>
août 2020
taux: -0.17%
écart avec Allemagne: 0.3%"
2020-08-16	IT	italy	1.0365714285714285	TRUE	1.5043809523809522	"<b>italy</b>
août 2020
taux: 1.04%
écart avec Allemagne: 1.5%"
2020-09-16	DE	germany	-0.48834782608695654	TRUE	0	"<b>germany</b>
septembre 2020
taux: -0.49%
écart avec Allemagne: 0%"
2020-09-16	FR	france	-0.20769565217391306	TRUE	0.2806521739130435	"<b>france</b>
septembre 2020
taux: -0.21%
écart avec Allemagne: 0.28%"
2020-09-16	IT	italy	0.9853181818181818	TRUE	1.4736660079051382	"<b>italy</b>
septembre 2020
taux: 0.99%
écart avec Allemagne: 1.47%"
2020-10-16	DE	germany	-0.5696086956521739	TRUE	0	"<b>germany</b>
octobre 2020
taux: -0.57%
écart avec Allemagne: 0%"
2020-10-16	FR	france	-0.29430434782608694	TRUE	0.2753043478260869	"<b>france</b>
octobre 2020
taux: -0.29%
écart avec Allemagne: 0.28%"
2020-10-16	IT	italy	0.7364545454545455	TRUE	1.3060632411067195	"<b>italy</b>
octobre 2020
taux: 0.74%
écart avec Allemagne: 1.31%"
2020-11-16	DE	germany	-0.5716363636363636	TRUE	0	"<b>germany</b>
novembre 2020
taux: -0.57%
écart avec Allemagne: 0%"
2020-11-16	FR	france	-0.3244090909090909	TRUE	0.24722727272727268	"<b>france</b>
novembre 2020
taux: -0.32%
écart avec Allemagne: 0.25%"
2020-11-16	IT	italy	0.6297727272727273	TRUE	1.2014090909090909	"<b>italy</b>
novembre 2020
taux: 0.63%
écart avec Allemagne: 1.2%"
2020-12-16	DE	germany	-0.576	TRUE	0	"<b>germany</b>
décembre 2020
taux: -0.58%
écart avec Allemagne: 0%"
2020-12-16	FR	france	-0.3357272727272727	TRUE	0.24027272727272725	"<b>france</b>
décembre 2020
taux: -0.34%
écart avec Allemagne: 0.24%"
2020-12-16	IT	italy	0.542409090909091	TRUE	1.118409090909091	"<b>italy</b>
décembre 2020
taux: 0.54%
écart avec Allemagne: 1.12%"
2021-01-16	DE	germany	-0.5343809523809524	TRUE	0	"<b>germany</b>
janvier 2021
taux: -0.53%
écart avec Allemagne: 0%"
2021-01-16	FR	france	-0.307	TRUE	0.2273809523809524	"<b>france</b>
janvier 2021
taux: -0.31%
écart avec Allemagne: 0.23%"
2021-01-16	IT	italy	0.5873333333333334	TRUE	1.1217142857142859	"<b>italy</b>
janvier 2021
taux: 0.59%
écart avec Allemagne: 1.12%"
2021-02-16	DE	germany	-0.3894	TRUE	0	"<b>germany</b>
février 2021
taux: -0.39%
écart avec Allemagne: 0%"
2021-02-16	FR	france	-0.1523	TRUE	0.23710000000000003	"<b>france</b>
février 2021
taux: -0.15%
écart avec Allemagne: 0.24%"
2021-02-16	IT	italy	0.5954	TRUE	0.9848000000000001	"<b>italy</b>
février 2021
taux: 0.6%
écart avec Allemagne: 0.98%"
2021-03-16	DE	germany	-0.31617391304347825	TRUE	0	"<b>germany</b>
mars 2021
taux: -0.32%
écart avec Allemagne: 0%"
2021-03-16	FR	france	-0.06873913043478261	TRUE	0.24743478260869564	"<b>france</b>
mars 2021
taux: -0.07%
écart avec Allemagne: 0.25%"
2021-03-16	IT	italy	0.6668695652173913	TRUE	0.9830434782608695	"<b>italy</b>
mars 2021
taux: 0.67%
écart avec Allemagne: 0.98%"
2021-04-16	DE	germany	-0.27454545454545454	TRUE	0	"<b>germany</b>
avril 2021
taux: -0.27%
écart avec Allemagne: 0%"
2021-04-16	FR	france	-0.013590909090909091	TRUE	0.26095454545454544	"<b>france</b>
avril 2021
taux: -0.01%
écart avec Allemagne: 0.26%"
2021-04-16	IT	italy	0.7515454545454545	TRUE	1.0260909090909092	"<b>italy</b>
avril 2021
taux: 0.75%
écart avec Allemagne: 1.03%"
2021-05-16	DE	germany	-0.1651904761904762	TRUE	0	"<b>germany</b>
mai 2021
taux: -0.17%
écart avec Allemagne: 0%"
2021-05-16	FR	france	0.21071428571428572	TRUE	0.3759047619047619	"<b>france</b>
mai 2021
taux: 0.21%
écart avec Allemagne: 0.38%"
2021-05-16	IT	italy	0.9673809523809523	TRUE	1.1325714285714286	"<b>italy</b>
mai 2021
taux: 0.97%
écart avec Allemagne: 1.13%"
2021-06-16	DE	germany	-0.20225	TRUE	0	"<b>germany</b>
juin 2021
taux: -0.2%
écart avec Allemagne: 0%"
2021-06-16	FR	france	0.15511538461538463	TRUE	0.35736538461538464	"<b>france</b>
juin 2021
taux: 0.16%
écart avec Allemagne: 0.36%"
2021-06-16	IT	italy	0.8599615384615384	TRUE	1.0622115384615385	"<b>italy</b>
juin 2021
taux: 0.86%
écart avec Allemagne: 1.06%"
2021-07-16	DE	germany	-0.34241304347826085	TRUE	0	"<b>germany</b>
juillet 2021
taux: -0.34%
écart avec Allemagne: 0%"
2021-07-16	FR	france	-0.0016956521739130432	TRUE	0.3407173913043478	"<b>france</b>
juillet 2021
taux: 0%
écart avec Allemagne: 0.34%"
2021-07-16	IT	italy	0.7082173913043478	TRUE	1.0506304347826085	"<b>italy</b>
juillet 2021
taux: 0.71%
écart avec Allemagne: 1.05%"
2021-08-16	DE	germany	-0.4602727272727273	TRUE	0	"<b>germany</b>
août 2021
taux: -0.46%
écart avec Allemagne: 0%"
2021-08-16	FR	france	-0.11554545454545455	TRUE	0.3447272727272727	"<b>france</b>
août 2021
taux: -0.12%
écart avec Allemagne: 0.34%"
2021-08-16	IT	italy	0.5848636363636364	TRUE	1.0451363636363635	"<b>italy</b>
août 2021
taux: 0.58%
écart avec Allemagne: 1.05%"
2021-09-16	DE	germany	-0.3008846153846154	TRUE	0	"<b>germany</b>
septembre 2021
taux: -0.3%
écart avec Allemagne: 0%"
2021-09-16	FR	france	0.03628	TRUE	0.3371646153846154	"<b>france</b>
septembre 2021
taux: 0.04%
écart avec Allemagne: 0.34%"
2021-09-16	IT	italy	0.7281538461538462	TRUE	1.0290384615384616	"<b>italy</b>
septembre 2021
taux: 0.73%
écart avec Allemagne: 1.03%"
2021-10-16	DE	germany	-0.1426086956521739	TRUE	0	"<b>germany</b>
octobre 2021
taux: -0.14%
écart avec Allemagne: 0%"
2021-10-16	FR	france	0.20208695652173914	TRUE	0.34469565217391307	"<b>france</b>
octobre 2021
taux: 0.2%
écart avec Allemagne: 0.34%"
2021-10-16	IT	italy	0.9217391304347826	TRUE	1.0643478260869565	"<b>italy</b>
octobre 2021
taux: 0.92%
écart avec Allemagne: 1.06%"
2021-11-16	DE	germany	-0.2600208333333333	TRUE	0	"<b>germany</b>
novembre 2021
taux: -0.26%
écart avec Allemagne: 0%"
2021-11-16	FR	france	0.09658333333333334	TRUE	0.35660416666666667	"<b>france</b>
novembre 2021
taux: 0.1%
écart avec Allemagne: 0.36%"
2021-11-16	IT	italy	0.9741666666666666	TRUE	1.2341875	"<b>italy</b>
novembre 2021
taux: 0.97%
écart avec Allemagne: 1.23%"
2021-12-16	DE	germany	-0.31143478260869567	TRUE	0	"<b>germany</b>
décembre 2021
taux: -0.31%
écart avec Allemagne: 0%"
2021-12-16	FR	france	0.04691304347826087	TRUE	0.35834782608695653	"<b>france</b>
décembre 2021
taux: 0.05%
écart avec Allemagne: 0.36%"
2021-12-16	IT	italy	1.0151739130434783	TRUE	1.3266086956521739	"<b>italy</b>
décembre 2021
taux: 1.02%
écart avec Allemagne: 1.33%"
2022-01-16	DE	germany	-0.05818181818181818	TRUE	0	"<b>germany</b>
janvier 2022
taux: -0.06%
écart avec Allemagne: 0%"
2022-01-16	FR	france	0.3141428571428571	TRUE	0.3723246753246753	"<b>france</b>
janvier 2022
taux: 0.31%
écart avec Allemagne: 0.37%"
2022-01-16	IT	italy	1.329904761904762	TRUE	1.38808658008658	"<b>italy</b>
janvier 2022
taux: 1.33%
écart avec Allemagne: 1.39%"
2022-02-16	DE	germany	0.21215	TRUE	0	"<b>germany</b>
février 2022
taux: 0.21%
écart avec Allemagne: 0%"
2022-02-16	FR	france	0.6785	TRUE	0.46635	"<b>france</b>
février 2022
taux: 0.68%
écart avec Allemagne: 0.47%"
2022-02-16	IT	italy	1.8149	TRUE	1.60275	"<b>italy</b>
février 2022
taux: 1.81%
écart avec Allemagne: 1.6%"
2022-03-16	DE	germany	0.3263478260869565	TRUE	0	"<b>germany</b>
mars 2022
taux: 0.33%
écart avec Allemagne: 0%"
2022-03-16	FR	france	0.7831739130434783	TRUE	0.45682608695652177	"<b>france</b>
mars 2022
taux: 0.78%
écart avec Allemagne: 0.46%"
2022-03-16	IT	italy	1.8627826086956523	TRUE	1.5364347826086957	"<b>italy</b>
mars 2022
taux: 1.86%
écart avec Allemagne: 1.54%"
2022-04-16	DE	germany	0.7897619047619048	TRUE	0	"<b>germany</b>
avril 2022
taux: 0.79%
écart avec Allemagne: 0%"
2022-04-16	FR	france	1.2893333333333332	TRUE	0.49957142857142844	"<b>france</b>
avril 2022
taux: 1.29%
écart avec Allemagne: 0.5%"
2022-04-16	IT	italy	2.465	TRUE	1.675238095238095	"<b>italy</b>
avril 2022
taux: 2.46%
écart avec Allemagne: 1.68%"
2022-05-16	DE	germany	0.9947173913043478	TRUE	0	"<b>germany</b>
mai 2022
taux: 0.99%
écart avec Allemagne: 0%"
2022-05-16	FR	france	1.5152608695652174	TRUE	0.5205434782608697	"<b>france</b>
mai 2022
taux: 1.52%
écart avec Allemagne: 0.52%"
2022-05-16	IT	italy	2.9529565217391305	TRUE	1.9582391304347828	"<b>italy</b>
mai 2022
taux: 2.95%
écart avec Allemagne: 1.96%"
2022-06-16	DE	germany	1.4986739130434783	TRUE	0	"<b>germany</b>
juin 2022
taux: 1.5%
écart avec Allemagne: 0%"
2022-06-16	FR	france	2.0521739130434784	TRUE	0.5535000000000001	"<b>france</b>
juin 2022
taux: 2.05%
écart avec Allemagne: 0.55%"
2022-06-16	IT	italy	3.6248260869565216	TRUE	2.1261521739130433	"<b>italy</b>
juin 2022
taux: 3.62%
écart avec Allemagne: 2.13%"
2022-07-16	DE	germany	1.138	TRUE	0	"<b>germany</b>
juillet 2022
taux: 1.14%
écart avec Allemagne: 0%"
2022-07-16	FR	france	1.7067142857142856	TRUE	0.5687142857142857	"<b>france</b>
juillet 2022
taux: 1.71%
écart avec Allemagne: 0.57%"
2022-07-16	IT	italy	3.341047619047619	TRUE	2.203047619047619	"<b>italy</b>
juillet 2022
taux: 3.34%
écart avec Allemagne: 2.2%"
2022-08-16	DE	germany	1.1045652173913043	TRUE	0	"<b>germany</b>
août 2022
taux: 1.1%
écart avec Allemagne: 0%"
2022-08-16	FR	france	1.6856521739130435	TRUE	0.5810869565217391	"<b>france</b>
août 2022
taux: 1.69%
écart avec Allemagne: 0.58%"
2022-08-16	IT	italy	3.2977826086956523	TRUE	2.193217391304348	"<b>italy</b>
août 2022
taux: 3.3%
écart avec Allemagne: 2.19%"
2022-09-16	DE	germany	1.8304090909090909	TRUE	0	"<b>germany</b>
septembre 2022
taux: 1.83%
écart avec Allemagne: 0%"
2022-09-16	FR	france	2.4096363636363636	TRUE	0.5792272727272727	"<b>france</b>
septembre 2022
taux: 2.41%
écart avec Allemagne: 0.58%"
2022-09-16	IT	italy	4.148227272727273	TRUE	2.3178181818181822	"<b>italy</b>
septembre 2022
taux: 4.15%
écart avec Allemagne: 2.32%"
2022-10-16	DE	germany	2.205238095238095	TRUE	0	"<b>germany</b>
octobre 2022
taux: 2.21%
écart avec Allemagne: 0%"
2022-10-16	FR	france	2.773	TRUE	0.5677619047619049	"<b>france</b>
octobre 2022
taux: 2.77%
écart avec Allemagne: 0.57%"
2022-10-16	IT	italy	4.540809523809524	TRUE	2.335571428571429	"<b>italy</b>
octobre 2022
taux: 4.54%
écart avec Allemagne: 2.34%"
2022-11-16	DE	germany	2.069391304347826	TRUE	0	"<b>germany</b>
novembre 2022
taux: 2.07%
écart avec Allemagne: 0%"
2022-11-16	FR	france	2.578608695652174	TRUE	0.5092173913043481	"<b>france</b>
novembre 2022
taux: 2.58%
écart avec Allemagne: 0.51%"
2022-11-16	IT	italy	4.068173913043478	TRUE	1.998782608695652	"<b>italy</b>
novembre 2022
taux: 4.07%
écart avec Allemagne: 2%"
2022-12-16	DE	germany	2.14224	TRUE	0	"<b>germany</b>
décembre 2022
taux: 2.14%
écart avec Allemagne: 0%"
2022-12-16	FR	france	2.6307272727272726	TRUE	0.48848727272727244	"<b>france</b>
décembre 2022
taux: 2.63%
écart avec Allemagne: 0.49%"
2022-12-16	IT	italy	4.15104347826087	TRUE	2.0088034782608695	"<b>italy</b>
décembre 2022
taux: 4.15%
écart avec Allemagne: 2.01%"
2023-01-16	DE	germany	2.20818	TRUE	0	"<b>germany</b>
janvier 2023
taux: 2.21%
écart avec Allemagne: 0%"
2023-01-16	FR	france	2.6900454545454546	TRUE	0.4818654545454546	"<b>france</b>
janvier 2023
taux: 2.69%
écart avec Allemagne: 0.48%"
2023-01-16	IT	italy	4.109875	TRUE	1.9016949999999997	"<b>italy</b>
janvier 2023
taux: 4.11%
écart avec Allemagne: 1.9%"
2023-02-16	DE	germany	2.40432	TRUE	0	"<b>germany</b>
février 2023
taux: 2.4%
écart avec Allemagne: 0%"
2023-02-16	FR	france	2.8737142857142857	TRUE	0.4693942857142859	"<b>france</b>
février 2023
taux: 2.87%
écart avec Allemagne: 0.47%"
2023-02-16	IT	italy	4.269904761904762	TRUE	1.865584761904762	"<b>italy</b>
février 2023
taux: 4.27%
écart avec Allemagne: 1.87%"
2023-03-16	DE	germany	2.390740740740741	TRUE	0	"<b>germany</b>
mars 2023
taux: 2.39%
écart avec Allemagne: 0%"
2023-03-16	FR	france	2.9166521739130435	TRUE	0.5259114331723027	"<b>france</b>
mars 2023
taux: 2.92%
écart avec Allemagne: 0.53%"
2023-03-16	IT	italy	4.252130434782608	TRUE	1.8613896940418675	"<b>italy</b>
mars 2023
taux: 4.25%
écart avec Allemagne: 1.86%"
2023-04-16	DE	germany	2.361521739130435	TRUE	0	"<b>germany</b>
avril 2023
taux: 2.36%
écart avec Allemagne: 0%"
2023-04-16	FR	france	2.8998095238095236	TRUE	0.5382877846790888	"<b>france</b>
avril 2023
taux: 2.9%
écart avec Allemagne: 0.54%"
2023-04-16	IT	italy	4.2169	TRUE	1.855378260869565	"<b>italy</b>
avril 2023
taux: 4.22%
écart avec Allemagne: 1.86%"
2023-05-16	DE	germany	2.356173076923077	TRUE	0	"<b>germany</b>
mai 2023
taux: 2.36%
écart avec Allemagne: 0%"
2023-05-16	FR	france	2.9361304347826085	TRUE	0.5799573578595316	"<b>france</b>
mai 2023
taux: 2.94%
écart avec Allemagne: 0.58%"
2023-05-16	IT	italy	4.233	TRUE	1.8768269230769228	"<b>italy</b>
mai 2023
taux: 4.23%
écart avec Allemagne: 1.88%"
2023-06-16	DE	germany	2.3946923076923077	TRUE	0	"<b>germany</b>
juin 2023
taux: 2.39%
écart avec Allemagne: 0%"
2023-06-16	FR	france	2.931909090909091	TRUE	0.5372167832167833	"<b>france</b>
juin 2023
taux: 2.93%
écart avec Allemagne: 0.54%"
2023-06-16	IT	italy	4.075363636363637	TRUE	1.680671328671329	"<b>italy</b>
juin 2023
taux: 4.08%
écart avec Allemagne: 1.68%"
2023-07-16	DE	germany	2.4742083333333333	TRUE	0	"<b>germany</b>
juillet 2023
taux: 2.47%
écart avec Allemagne: 0%"
2023-07-16	FR	france	3.0379047619047617	TRUE	0.5636964285714283	"<b>france</b>
juillet 2023
taux: 3.04%
écart avec Allemagne: 0.56%"
2023-07-16	IT	italy	4.170333333333334	TRUE	1.6961250000000003	"<b>italy</b>
juillet 2023
taux: 4.17%
écart avec Allemagne: 1.7%"
2023-08-16	DE	germany	2.5657083333333333	TRUE	0	"<b>germany</b>
août 2023
taux: 2.57%
écart avec Allemagne: 0%"
2023-08-16	FR	france	3.110086956521739	TRUE	0.5443786231884058	"<b>france</b>
août 2023
taux: 3.11%
écart avec Allemagne: 0.54%"
2023-08-16	IT	italy	4.240304347826087	TRUE	1.6745960144927539	"<b>italy</b>
août 2023
taux: 4.24%
écart avec Allemagne: 1.67%"
2023-09-16	DE	germany	2.694659090909091	TRUE	0	"<b>germany</b>
septembre 2023
taux: 2.69%
écart avec Allemagne: 0%"
2023-09-16	FR	france	3.237318181818182	TRUE	0.5426590909090909	"<b>france</b>
septembre 2023
taux: 3.24%
écart avec Allemagne: 0.54%"
2023-09-16	IT	italy	4.4945	TRUE	1.7998409090909093	"<b>italy</b>
septembre 2023
taux: 4.49%
écart avec Allemagne: 1.8%"
2023-10-16	DE	germany	2.843282608695652	TRUE	0	"<b>germany</b>
octobre 2023
taux: 2.84%
écart avec Allemagne: 0%"
2023-10-16	FR	france	3.443608695652174	TRUE	0.6003260869565219	"<b>france</b>
octobre 2023
taux: 3.44%
écart avec Allemagne: 0.6%"
2023-10-16	IT	italy	4.838086956521739	TRUE	1.9948043478260868	"<b>italy</b>
octobre 2023
taux: 4.84%
écart avec Allemagne: 1.99%"
2023-11-16	DE	germany	2.6141739130434782	TRUE	0	"<b>germany</b>
novembre 2023
taux: 2.61%
écart avec Allemagne: 0%"
2023-11-16	FR	france	3.1901739130434783	TRUE	0.5760000000000001	"<b>france</b>
novembre 2023
taux: 3.19%
écart avec Allemagne: 0.58%"
2023-11-16	IT	italy	4.419739130434783	TRUE	1.8055652173913046	"<b>italy</b>
novembre 2023
taux: 4.42%
écart avec Allemagne: 1.81%"
2023-12-16	DE	germany	2.1066190476190476	TRUE	0	"<b>germany</b>
décembre 2023
taux: 2.11%
écart avec Allemagne: 0%"
2023-12-16	FR	france	2.6381428571428573	TRUE	0.5315238095238097	"<b>france</b>
décembre 2023
taux: 2.64%
écart avec Allemagne: 0.53%"
2023-12-16	IT	italy	3.8109	TRUE	1.7042809523809526	"<b>italy</b>
décembre 2023
taux: 3.81%
écart avec Allemagne: 1.7%"
2024-01-16	DE	germany	2.205282608695652	TRUE	0	"<b>germany</b>
janvier 2024
taux: 2.21%
écart avec Allemagne: 0%"
2024-01-16	FR	france	2.7287391304347826	TRUE	0.5234565217391305	"<b>france</b>
janvier 2024
taux: 2.73%
écart avec Allemagne: 0.52%"
2024-01-16	IT	italy	3.818217391304348	TRUE	1.6129347826086957	"<b>italy</b>
janvier 2024
taux: 3.82%
écart avec Allemagne: 1.61%"
2024-02-16	DE	germany	2.3643809523809525	TRUE	0	"<b>germany</b>
février 2024
taux: 2.36%
écart avec Allemagne: 0%"
2024-02-16	FR	france	2.8547142857142855	TRUE	0.49033333333333307	"<b>france</b>
février 2024
taux: 2.85%
écart avec Allemagne: 0.49%"
2024-02-16	IT	italy	3.8727142857142858	TRUE	1.5083333333333333	"<b>italy</b>
février 2024
taux: 3.87%
écart avec Allemagne: 1.51%"
2024-03-16	DE	germany	2.3581666666666665	TRUE	0	"<b>germany</b>
mars 2024
taux: 2.36%
écart avec Allemagne: 0%"
2024-03-16	FR	france	2.8224761904761904	TRUE	0.46430952380952384	"<b>france</b>
mars 2024
taux: 2.82%
écart avec Allemagne: 0.46%"
2024-03-16	IT	italy	3.6746666666666665	TRUE	1.3165	"<b>italy</b>
mars 2024
taux: 3.67%
écart avec Allemagne: 1.32%"
2024-04-16	DE	germany	2.4643636363636365	TRUE	0	"<b>germany</b>
avril 2024
taux: 2.46%
écart avec Allemagne: 0%"
2024-04-16	FR	france	2.967363636363636	TRUE	0.5029999999999997	"<b>france</b>
avril 2024
taux: 2.97%
écart avec Allemagne: 0.5%"
2024-04-16	IT	italy	3.832	TRUE	1.3676363636363633	"<b>italy</b>
avril 2024
taux: 3.83%
écart avec Allemagne: 1.37%"
2024-05-16	DE	germany	2.5361521739130435	TRUE	0	"<b>germany</b>
mai 2024
taux: 2.54%
écart avec Allemagne: 0%"
2024-05-16	FR	france	3.0328695652173914	TRUE	0.4967173913043479	"<b>france</b>
mai 2024
taux: 3.03%
écart avec Allemagne: 0.5%"
2024-05-16	IT	italy	3.8500434782608695	TRUE	1.313891304347826	"<b>italy</b>
mai 2024
taux: 3.85%
écart avec Allemagne: 1.31%"
2024-06-16	DE	germany	2.48605	TRUE	0	"<b>germany</b>
juin 2024
taux: 2.49%
écart avec Allemagne: 0%"
2024-06-16	FR	france	3.1493	TRUE	0.6632500000000001	"<b>france</b>
juin 2024
taux: 3.15%
écart avec Allemagne: 0.66%"
2024-06-16	IT	italy	3.94685	TRUE	1.4607999999999999	"<b>italy</b>
juin 2024
taux: 3.95%
écart avec Allemagne: 1.46%"
2024-07-16	DE	germany	2.4718260869565216	TRUE	0	"<b>germany</b>
juillet 2024
taux: 2.47%
écart avec Allemagne: 0%"
2024-07-16	FR	france	3.154695652173913	TRUE	0.6828695652173913	"<b>france</b>
juillet 2024
taux: 3.15%
écart avec Allemagne: 0.68%"
2024-07-16	IT	italy	3.8262608695652176	TRUE	1.354434782608696	"<b>italy</b>
juillet 2024
taux: 3.83%
écart avec Allemagne: 1.35%"
2024-08-16	DE	germany	2.2332727272727273	TRUE	0	"<b>germany</b>
août 2024
taux: 2.23%
écart avec Allemagne: 0%"
2024-08-16	FR	france	2.9681363636363636	TRUE	0.7348636363636363	"<b>france</b>
août 2024
taux: 2.97%
écart avec Allemagne: 0.73%"
2024-08-16	IT	italy	3.634272727272727	TRUE	1.4009999999999998	"<b>italy</b>
août 2024
taux: 3.63%
écart avec Allemagne: 1.4%"
2024-09-16	DE	germany	2.1783333333333332	TRUE	0	"<b>germany</b>
septembre 2024
taux: 2.18%
écart avec Allemagne: 0%"
2024-09-16	FR	france	2.9126190476190477	TRUE	0.7342857142857144	"<b>france</b>
septembre 2024
taux: 2.91%
écart avec Allemagne: 0.73%"
2024-09-16	IT	italy	3.537047619047619	TRUE	1.358714285714286	"<b>italy</b>
septembre 2024
taux: 3.54%
écart avec Allemagne: 1.36%"
2024-10-16	DE	germany	2.2469347826086956	TRUE	0	"<b>germany</b>
octobre 2024
taux: 2.25%
écart avec Allemagne: 0%"
2024-10-16	FR	france	2.9983478260869565	TRUE	0.7514130434782609	"<b>france</b>
octobre 2024
taux: 3%
écart avec Allemagne: 0.75%"
2024-10-16	IT	italy	3.507565217391304	TRUE	1.2606304347826085	"<b>italy</b>
octobre 2024
taux: 3.51%
écart avec Allemagne: 1.26%"
2024-11-16	DE	germany	2.3125	TRUE	0	"<b>germany</b>
novembre 2024
taux: 2.31%
écart avec Allemagne: 0%"
2024-11-16	FR	france	3.086047619047619	TRUE	0.7735476190476192	"<b>france</b>
novembre 2024
taux: 3.09%
écart avec Allemagne: 0.77%"
2024-11-16	IT	italy	3.5614761904761907	TRUE	1.2489761904761907	"<b>italy</b>
novembre 2024
taux: 3.56%
écart avec Allemagne: 1.25%"
2024-12-16	DE	germany	2.21105	TRUE	0	"<b>germany</b>
décembre 2024
taux: 2.21%
écart avec Allemagne: 0%"
2024-12-16	FR	france	3.01645	TRUE	0.8053999999999997	"<b>france</b>
décembre 2024
taux: 3.02%
écart avec Allemagne: 0.81%"
2024-12-16	IT	italy	3.3543	TRUE	1.1432499999999997	"<b>italy</b>
décembre 2024
taux: 3.35%
écart avec Allemagne: 1.14%"
2025-01-16	DE	germany	2.5112045454545453	TRUE	0	"<b>germany</b>
janvier 2025
taux: 2.51%
écart avec Allemagne: 0%"
2025-01-16	FR	france	3.314090909090909	TRUE	0.8028863636363637	"<b>france</b>
janvier 2025
taux: 3.31%
écart avec Allemagne: 0.8%"
2025-01-16	IT	italy	3.6492272727272725	TRUE	1.1380227272727272	"<b>italy</b>
janvier 2025
taux: 3.65%
écart avec Allemagne: 1.14%"
2025-02-16	DE	germany	2.4336	TRUE	0	"<b>germany</b>
février 2025
taux: 2.43%
écart avec Allemagne: 0%"
2025-02-16	FR	france	3.1525	TRUE	0.7188999999999997	"<b>france</b>
février 2025
taux: 3.15%
écart avec Allemagne: 0.72%"
2025-02-16	IT	italy	3.51605	TRUE	1.0824499999999997	"<b>italy</b>
février 2025
taux: 3.52%
écart avec Allemagne: 1.08%"
2025-03-16	DE	germany	2.7774047619047617	TRUE	0	"<b>germany</b>
mars 2025
taux: 2.78%
écart avec Allemagne: 0%"
2025-03-16	FR	france	3.477	TRUE	0.6995952380952382	"<b>france</b>
mars 2025
taux: 3.48%
écart avec Allemagne: 0.7%"
2025-03-16	IT	italy	3.8493809523809523	TRUE	1.0719761904761906	"<b>italy</b>
mars 2025
taux: 3.85%
écart avec Allemagne: 1.07%"
2025-04-16	DE	germany	2.54215	TRUE	0	"<b>germany</b>
avril 2025
taux: 2.54%
écart avec Allemagne: 0%"
2025-04-16	FR	france	3.29385	TRUE	0.7517	"<b>france</b>
avril 2025
taux: 3.29%
écart avec Allemagne: 0.75%"
2025-04-16	IT	italy	3.7102500000000003	TRUE	1.1681000000000004	"<b>italy</b>
avril 2025
taux: 3.71%
écart avec Allemagne: 1.17%"
2025-05-16	DE	germany	2.572380952380952	TRUE	0	"<b>germany</b>
mai 2025
taux: 2.57%
écart avec Allemagne: 0%"
2025-05-16	FR	france	3.2594285714285713	TRUE	0.6870476190476191	"<b>france</b>
mai 2025
taux: 3.26%
écart avec Allemagne: 0.69%"
2025-05-16	IT	italy	3.5963809523809522	TRUE	1.024	"<b>italy</b>
mai 2025
taux: 3.6%
écart avec Allemagne: 1.02%"
2025-06-16	DE	germany	2.5380238095238097	TRUE	0	"<b>germany</b>
juin 2025
taux: 2.54%
écart avec Allemagne: 0%"
2025-06-16	FR	france	3.2352857142857143	TRUE	0.6972619047619046	"<b>france</b>
juin 2025
taux: 3.24%
écart avec Allemagne: 0.7%"
2025-06-16	IT	italy	3.4894285714285713	TRUE	0.9514047619047616	"<b>italy</b>
juin 2025
taux: 3.49%
écart avec Allemagne: 0.95%"
2025-07-16	DE	germany	2.6546739130434784	TRUE	0	"<b>germany</b>
juillet 2025
taux: 2.65%
écart avec Allemagne: 0%"
2025-07-16	FR	france	3.3470434782608693	TRUE	0.6923695652173909	"<b>france</b>
juillet 2025
taux: 3.35%
écart avec Allemagne: 0.69%"
2025-07-16	IT	italy	3.5406521739130437	TRUE	0.8859782608695652	"<b>italy</b>
juillet 2025
taux: 3.54%
écart avec Allemagne: 0.89%"
2025-08-16	DE	germany	2.7053714285714285	TRUE	0	"<b>germany</b>
août 2025
taux: 2.71%
écart avec Allemagne: 0%"
2025-08-16	FR	france	3.4056190476190475	TRUE	0.700247619047619	"<b>france</b>
août 2025
taux: 3.41%
écart avec Allemagne: 0.7%"
2025-08-16	IT	italy	3.545714285714286	TRUE	0.8403428571428573	"<b>italy</b>
août 2025
taux: 3.55%
écart avec Allemagne: 0.84%"
2025-09-16	DE	germany	2.7134318181818182	TRUE	0	"<b>germany</b>
septembre 2025
taux: 2.71%
écart avec Allemagne: 0%"
2025-09-16	FR	france	3.517181818181818	TRUE	0.80375	"<b>france</b>
septembre 2025
taux: 3.52%
écart avec Allemagne: 0.8%"
2025-09-16	IT	italy	3.5633181818181816	TRUE	0.8498863636363634	"<b>italy</b>
septembre 2025
taux: 3.56%
écart avec Allemagne: 0.85%"
2025-10-16	DE	germany	2.6308904761904763	TRUE	0	"<b>germany</b>
octobre 2025
taux: 2.63%
écart avec Allemagne: 0%"
2025-10-16	FR	france	3.439952380952381	TRUE	0.8090619047619048	"<b>france</b>
octobre 2025
taux: 3.44%
écart avec Allemagne: 0.81%"
2025-10-16	IT	italy	3.4452380952380954	TRUE	0.8143476190476191	"<b>italy</b>
octobre 2025
taux: 3.45%
écart avec Allemagne: 0.81%"
