time	ecart_critique	solde_stabilisant	solde_effectif	dette_maa
1995-10-01	0.027899198465844807	NA	-0.051109999999999996	0.5725701675926591
1996-01-01	0.02245256511403937	-0.009470622972640808	-0.03896	0.5822871101516787
1996-04-01	0.020540827945106532	-0.009636843652031562	-0.03896	0.5911186605192914
1996-07-01	0.018263639919826033	-0.009800444823491917	-0.03896	0.6001958440410338
1996-10-01	0.012637807149055158	-0.010002998250912047	-0.03896	0.6057239146310864
1997-01-01	0.009185600316741593	-0.009895006443535472	-0.03711	0.6083380917898283
1997-04-01	0.010544630646050462	-0.012307802000854694	-0.03711	0.6295660157826833
1997-07-01	0.008888598420987527	-0.016578357139349683	-0.03711	0.6296518174433157
1997-10-01	0.009300881381496817	-0.019685202541200174	-0.03711	0.6196366049122904
1998-01-01	0.0042766108314173865	-0.023863746816946623	-0.02391	0.6118267113319551
1998-04-01	0.004530272361178984	-0.025915227674546022	-0.02391	0.613461208334058
1998-07-01	8.635884684354417e-4	-0.02644683814772202	-0.02391	0.6259359089547769
1998-10-01	-0.0011586150140462867	-0.025334429199676607	-0.02391	0.6207352754480304
1999-01-01	7.604242829370028e-4	-0.02190095519921499	-0.01544	0.6234061058124621
1999-04-01	0.00415529508761666	-0.01914454232718019	-0.01544	0.6177317335796745
1999-07-01	0.01364137412842377	-0.018380376119739937	-0.01544	0.6205459005240842
1999-10-01	0.01686787239955105	-0.01985954471613125	-0.01544	0.6146820711392815
2000-01-01	0.020841199774030678	-0.02305850167852579	-0.01313	0.6050109458285883
2000-04-01	0.01946530945215124	-0.027103859355736375	-0.01313	0.6045222363626854
2000-07-01	0.02008949285099887	-0.03007854438141497	-0.01313	0.5982168931338361
2000-10-01	0.019241898897634828	-0.03128557989907562	-0.01313	0.5964172942038405
2001-01-01	0.014955399444753617	-0.03038512766963527	-0.01417	0.5864648861266724
2001-04-01	0.017549851932259976	-0.0271725404939119	-0.01417	0.5960940484781594
2001-07-01	0.01718415902622114	-0.024471074482537727	-0.01417	0.5973450163832685
2001-10-01	0.01361570190973991	-0.02072668552386772	-0.01417	0.5927875447349861
2002-01-01	0.017999166828964096	-0.018084738308230878	-0.031760000000000004	0.5963422010978972
2002-04-01	0.020453211839569232	-0.017031236386360775	-0.031760000000000004	0.6090139467860636
2002-07-01	0.015819742367035268	-0.016908069046585573	-0.031760000000000004	0.6065600138890307
2002-10-01	0.01436230463415239	-0.018020445057123476	-0.031760000000000004	0.6117446364776468
2003-01-01	0.01042106773596893	-0.018208883984604206	-0.04088	0.6272713851798104
2003-04-01	0.00764235301716687	-0.017319882766949422	-0.04088	0.6486799905778325
2003-07-01	0.011982433042901815	-0.01752876004926888	-0.04088	0.6537869398925408
2003-10-01	0.014458176434679296	-0.017082611739676675	-0.04088	0.6526426055482007
2004-01-01	0.013259081449436966	-0.018847574404862226	-0.03555	0.6593786900408349
2004-04-01	0.015456563797437387	-0.02258273073310602	-0.03555	0.6726967996597356
2004-07-01	0.013947852276912885	-0.024139814714594643	-0.03555	0.6697893250460487
2004-10-01	0.01225325944820476	-0.025956240783417173	-0.03555	0.6699948848138036
2005-01-01	0.01026006622445965	-0.02536734564642058	-0.035070000000000004	0.6776049684787253
2005-04-01	0.008164901880906628	-0.024664493271522665	-0.035070000000000004	0.6823154548016015
2005-07-01	0.007382212906286607	-0.025964926976690724	-0.035070000000000004	0.6785529099193767
2005-10-01	0.009715447579857275	-0.025145103524374695	-0.035070000000000004	0.6824661024795416
2006-01-01	0.011822249585889157	-0.0265082110943005	-0.02658	0.6803829380116143
2006-04-01	0.018755243239589388	-0.028340567365408697	-0.02658	0.670128879044039
2006-07-01	0.018689502469914153	-0.028946877542497217	-0.02658	0.6685953034535235
2006-10-01	0.01806907919716822	-0.030487960308316436	-0.02658	0.6532591533657482
2007-01-01	0.02143219820754297	-0.030927516071617346	-0.029900000000000003	0.6646471788945013
2007-04-01	0.024985254572043647	-0.0308604018611551	-0.029900000000000003	0.6741529159910274
2007-07-01	0.0257830044559988	-0.03107867743697183	-0.029900000000000003	0.6676221753794707
2007-10-01	0.024546156243125165	-0.030040265840528296	-0.029900000000000003	0.6542994834287789
2008-01-01	0.023464336651671636	-0.02847181018942264	-0.035019999999999996	0.668449061540548
2008-04-01	0.02682124510893983	-0.026557701699252104	-0.035019999999999996	0.6731210768318907
2008-07-01	0.025558589980625934	-0.022557059074583632	-0.035019999999999996	0.6785096031219391
2008-10-01	0.017418126964301527	-0.016327622465969683	-0.035019999999999996	0.6984945717610922
2009-01-01	0.011078740786933737	-0.003684989807723143	-0.07378	0.7468294354945026
2009-04-01	0.011609746137951356	0.007872006823256618	-0.07378	0.7984445235202933
2009-07-01	0.0099146423505534	0.018483388429933273	-0.07378	0.8249927361074191
2009-10-01	0.010319344682495742	0.021464261426038713	-0.07378	0.8401070578905631
2010-01-01	0.01511090254389609	0.010582524917339117	-0.07152	0.8592070556992389
2010-04-01	0.023970749120346198	-0.002142232568146468	-0.07152	0.88267180967864
2010-07-01	0.008442641780659524	-0.01648416710761525	-0.07152	0.8640678440544745
2010-10-01	0.01028358797969697	-0.023969630734052765	-0.07152	0.8637209612569342
2011-01-01	0.01651019799144695	-0.027829058520799522	-0.053040000000000004	0.8772256472816083
2011-04-01	0.014765844428041526	-0.029143573150044108	-0.053040000000000004	0.8920570144426873
2011-07-01	0.00624068127511233	-0.027867881900848924	-0.053040000000000004	0.8835238066829568
2011-10-01	0.007760761321247769	-0.02783699339972647	-0.053040000000000004	0.8879652829397711
2012-01-01	0.005712269325455242	-0.02287335878074959	-0.051710000000000006	0.9119156560181455
2012-04-01	0.0017973219903732428	-0.01918585128204241	-0.051710000000000006	0.9261783892993782
2012-07-01	-0.005305648843066061	-0.016914825944792246	-0.051710000000000006	0.9127540353172133
2012-10-01	-0.008470160609211134	-0.0115926768246475	-0.051710000000000006	0.917486112953565
2013-01-01	-0.008967507422335048	-0.011002697489581496	-0.04938	0.9326279427476433
2013-04-01	-0.01236787344646146	-0.013395105509104853	-0.04938	0.9475935168901198
2013-07-01	-0.00947331866743412	-0.013032600603253126	-0.04938	0.9394007062537137
2013-10-01	-0.010815187019237324	-0.015115742857538124	-0.04938	0.9443853582117251
2014-01-01	-0.011690302110953076	-0.015744859898361583	-0.045739999999999996	0.9612979728090537
2014-04-01	-0.015255682873917827	-0.012975024390374313	-0.045739999999999996	0.9680335455129787
2014-07-01	-0.020211026781892207	-0.014903953621434266	-0.045739999999999996	0.965849024091504
2014-10-01	-0.023408877782916115	-0.014780675519758955	-0.045739999999999996	0.9604237346297887
2015-01-01	-0.02805539761773336	-0.01635981629327254	-0.038919999999999996	0.9795543002567533
2015-04-01	-0.025644204806599638	-0.019370171806543594	-0.038919999999999996	0.9823591944939067
2015-07-01	-0.02373633000446925	-0.0190657112686206	-0.038919999999999996	0.9771781731580541
2015-10-01	-0.025521280098551716	-0.02036552287781968	-0.038919999999999996	0.9691905540579435
2016-01-01	-0.02824331593948055	-0.01955837521627311	-0.03765	0.9887112865446341
2016-04-01	-0.031167513834481058	-0.01789424705888824	-0.03765	0.9990468107802277
2016-07-01	-0.03468413631236693	-0.015445147693355338	-0.03765	0.9918485467721881
2016-10-01	-0.030577056850288577	-0.012318750342507465	-0.03765	0.9820082460897872
2017-01-01	-0.02642445361873795	-0.011348947972333467	-0.033620000000000004	1.0074500394539943
2017-04-01	-0.027920339221454232	-0.015777865690898125	-0.033620000000000004	1.0114301852478298
2017-07-01	-0.02820199581113287	-0.021980597273376375	-0.033620000000000004	1.0019187174314865
2017-10-01	-0.028258988717339752	-0.02761123074539287	-0.033620000000000004	0.9864762143860861
2018-01-01	-0.02704277301354998	-0.030469205032407114	-0.02319	0.9914569259643514
2018-04-01	-0.02852975042833842	-0.0293354150475469	-0.02319	0.991679868274976
2018-07-01	-0.028704203870737126	-0.02773387198245656	-0.02319	0.9937368556434527
2018-10-01	-0.02795503337966215	-0.026178392678340583	-0.02319	0.9846441839507283
2019-01-01	-0.02950935097746405	-0.0275217887365654	-0.023940000000000003	0.9932789052487107
2019-04-01	-0.03228379606299486	-0.032003151350388746	-0.023940000000000003	0.9902836404443309
2019-07-01	-0.03750673399778329	-0.033558797785951375	-0.023940000000000003	0.9991916633157987
2019-10-01	-0.036730312528447544	-0.03218384218102938	-0.023940000000000003	0.9803325755883473
2020-01-01	-0.04231940487060446	-0.016173120633090857	-0.08932999999999999	1.0114786993123368
2020-04-01	-0.0535620960946186	0.02623788738539573	-0.08932999999999999	1.1294781016022115
2020-07-01	-0.0431236771105403	0.04659691478251941	-0.08932999999999999	1.151798298608738
2020-10-01	-0.04440016474084953	0.058807446603023616	-0.08932999999999999	1.1495428410654214
2021-01-01	-0.04263939768399247	0.03980145428293331	-0.06585	1.177660014153313
2021-04-01	-0.038567367245092	-0.038674501960227994	-0.06585	1.1461564194588878
2021-07-01	-0.03715584734943559	-0.06332203662411369	-0.06585	1.1560022286728837
2021-10-01	-0.03536404023305471	-0.0864413680791373	-0.06585	1.1293155759956566
2022-01-01	-0.030484838465780997	-0.09232944245488338	-0.047439999999999996	1.14536054178157
2022-04-01	-0.0198428611206931	-0.0712392176847572	-0.047439999999999996	1.1307985926532913
2022-07-01	-0.015247185366116332	-0.0649064294233889	-0.047439999999999996	1.132727162894478
2022-10-01	-0.006692383890678458	-0.061463608193688936	-0.047439999999999996	1.1141641262221744
2023-01-01	-0.0040363605850719485	-0.05962197754753085	-0.05367	1.1208373034601697
2023-04-01	-0.0012932570823852574	-0.06417640704972034	-0.05367	1.112486888950457
2023-07-01	7.352793220379919e-4	-0.06745886933371703	-0.05367	1.1094525312656238
2023-10-01	0.0010734536753368128	-0.06741358987402166	-0.05367	1.0962049226579287
2024-01-01	-0.00200512183891257	-0.06277424861602349	-0.05773	1.1036863921627373
2024-04-01	-2.500146963031191e-4	-0.05034170862870007	-0.05773	1.1205151379003482
2024-07-01	3.7096464279927355e-5	-0.04354447852861968	-0.05773	1.1358108280127681
2024-10-01	-4.493081691099264e-4	-0.03437976208174389	-0.05773	1.1314057253175693
2025-01-01	0.001977649664040765	-0.026677554627431953	-0.054000000000000006	1.139661119957049
2025-04-01	0.00200674291761474	-0.026070488934892284	-0.054000000000000006	1.157229099723658
