"Date","Dernier","Ouv."," Plus Haut","Plus Bas","Vol.","Variation %"
"10/06/1996","2,390","2,400","2,410","2,380","6,96K","-0,21%"
"07/06/1996","2,395","2,355","2,415","2,350","12,71K","1,40%"
"06/06/1996","2,362","2,380","2,420","2,355","15,27K","-0,71%"
"05/06/1996","2,379","2,359","2,388","2,340","14,09K","0,63%"
"04/06/1996","2,364","2,405","2,410","2,335","19,57K","-1,75%"
"03/06/1996","2,406","2,380","2,420","2,375","8,92K","0,00%"
"31/05/1996","2,406","2,395","2,410","2,365","6,37K","0,42%"
"30/05/1996","2,396","2,445","2,455","2,381","12,00K","-1,88%"
"29/05/1996","2,442","2,420","2,455","2,395","11,49K","0,99%"
"28/05/1996","2,418","2,375","2,430","2,375","9,15K","2,41%"
"24/05/1996","2,361","2,335","2,370","2,320","","1,03%"
"23/05/1996","2,337","2,330","2,350","2,325","26,25K","0,34%"
"22/05/1996","2,329","2,296","2,338","2,285","23,23K","1,48%"
"21/05/1996","2,295","2,321","2,360","2,290","19,98K","-1,25%"
"20/05/1996","2,324","2,310","2,340","2,310","14,18K","1,75%"
"17/05/1996","2,284","2,304","2,315","2,275","9,92K","-0,78%"
"16/05/1996","2,302","2,300","2,320","2,275","10,06K","0,13%"
"15/05/1996","2,299","2,270","2,300","2,255","6,18K","1,14%"
"14/05/1996","2,273","2,290","2,297","2,251","12,18K","-0,57%"
"13/05/1996","2,286","2,225","2,290","2,220","14,55K","3,72%"
"10/05/1996","2,204","2,205","2,225","2,191","5,84K","-0,27%"
"09/05/1996","2,210","2,190","2,240","2,182","9,76K","1,10%"
"08/05/1996","2,186","2,195","2,225","2,175","10,24K","-0,05%"
"07/05/1996","2,187","2,150","2,215","2,150","14,03K","1,82%"
"06/05/1996","2,148","2,140","2,155","2,130","7,20K","0,80%"
"03/05/1996","2,131","2,185","2,185","2,115","15,58K","-2,69%"
"02/05/1996","2,190","2,215","2,220","2,185","7,18K","-1,75%"
"01/05/1996","2,229","2,220","2,245","2,185","7,15K","0,22%"
"30/04/1996","2,224","2,220","2,240","2,210","6,52K","0,04%"
"29/04/1996","2,223","2,165","2,235","2,165","9,25K","0,72%"
"26/04/1996","2,207","2,261","2,261","2,180","13,68K","-2,26%"
"25/04/1996","2,258","2,265","2,335","2,255","14,46K","1,99%"
"24/04/1996","2,214","2,263","2,289","2,180","","-2,89%"
"23/04/1996","2,280","2,355","2,355","2,270","34,53K","-3,35%"
"22/04/1996","2,359","2,340","2,380","2,315","21,66K","-0,08%"
"19/04/1996","2,361","2,330","2,370","2,320","9,82K","1,29%"
"18/04/1996","2,331","2,340","2,355","2,300","9,47K","-0,34%"
"17/04/1996","2,339","2,315","2,345","2,275","11,81K","0,99%"
"16/04/1996","2,316","2,340","2,350","2,295","12,88K","-1,15%"
"15/04/1996","2,343","2,410","2,420","2,335","15,88K","-2,82%"
"12/04/1996","2,411","2,339","2,425","2,326","16,60K","3,52%"
"11/04/1996","2,329","2,340","2,360","2,275","13,30K","-0,47%"
"10/04/1996","2,340","2,374","2,375","2,305","14,06K","-1,22%"
"09/04/1996","2,369","2,387","2,410","2,345","11,63K","-0,13%"
"08/04/1996","2,372","2,285","2,385","2,285","10,35K","1,58%"
"04/04/1996","2,335","2,309","2,380","2,300","12,12K","1,35%"
"03/04/1996","2,304","2,310","2,360","2,280","12,33K","0,48%"
"02/04/1996","2,293","2,290","2,300","2,230","11,75K","0,22%"
"01/04/1996","2,288","2,305","2,350","2,255","14,18K","-2,05%"
"29/03/1996","2,336","2,337","2,450","2,330","13,97K","-0,26%"
"28/03/1996","2,342","2,340","2,370","2,300","9,28K","0,13%"
"27/03/1996","2,339","2,265","2,350","2,222","15,37K","3,18%"
"26/03/1996","2,267","2,345","2,360","2,255","10,48K","-18,42%"
"25/03/1996","2,779","2,780","2,880","2,700","","-2,93%"
"22/03/1996","2,863","2,750","2,880","2,685","43,14K","4,49%"
"21/03/1996","2,740","2,580","2,750","2,570","33,36K","6,45%"
"20/03/1996","2,574","2,530","2,610","2,485","24,88K","2,02%"
"19/03/1996","2,523","2,520","2,630","2,425","30,85K","0,48%"
"18/03/1996","2,511","2,380","2,520","2,380","19,98K","7,63%"
"15/03/1996","2,333","2,232","2,350","2,225","13,80K","3,83%"
"14/03/1996","2,247","2,250","2,280","2,200","14,37K","0,31%"
"13/03/1996","2,240","2,175","2,265","2,130","20,86K","3,32%"
"12/03/1996","2,168","2,180","2,209","2,145","11,75K","-0,46%"
"11/03/1996","2,178","2,085","2,200","2,080","13,25K","3,96%"
"08/03/1996","2,095","2,140","2,145","2,070","9,96K","-1,55%"
"07/03/1996","2,128","2,180","2,210","2,120","13,41K","-2,74%"
"06/03/1996","2,188","2,174","2,235","2,165","8,88K","0,64%"
"05/03/1996","2,174","2,259","2,305","2,160","16,60K","-2,95%"
"04/03/1996","2,240","2,230","2,265","2,110","17,32K","3,90%"
"01/03/1996","2,156","2,245","2,250","2,125","14,35K","-3,58%"
"29/02/1996","2,236","2,313","2,339","2,215","7,57K","-3,04%"
"28/02/1996","2,306","2,321","2,325","2,270","7,31K","-0,86%"
"27/02/1996","2,326","2,340","2,399","2,320","8,63K","-0,51%"
"26/02/1996","2,338","2,370","2,420","2,260","12,79K","-14,86%"
"23/02/1996","2,746","2,640","2,900","2,520","","4,69%"
"22/02/1996","2,623","2,455","2,640","2,357","42,24K","7,19%"
"21/02/1996","2,447","2,330","2,500","2,260","30,41K","5,43%"
"20/02/1996","2,321","2,250","2,345","2,230","16,68K","-4,92%"
"16/02/1996","2,441","2,570","2,599","2,380","15,85K","-5,24%"
"15/02/1996","2,576","2,580","2,700","2,540","16,55K","-0,23%"
"14/02/1996","2,582","2,670","2,700","2,520","17,63K","-3,01%"
"13/02/1996","2,662","2,475","2,690","2,440","20,13K","8,39%"
"12/02/1996","2,456","2,490","2,510","2,435","10,33K","-3,72%"
"09/02/1996","2,551","2,485","2,630","2,480","13,07K","3,20%"
"08/02/1996","2,472","2,540","2,595","2,430","19,46K","-1,63%"
"07/02/1996","2,513","2,465","2,635","2,465","21,79K","2,66%"
"06/02/1996","2,448","2,167","2,450","2,160","19,11K","12,92%"
"05/02/1996","2,168","2,370","2,370","2,165","20,85K","-12,12%"
"02/02/1996","2,467","2,465","2,690","2,340","21,71K","-1,28%"
"01/02/1996","2,499","2,660","2,840","2,480","26,07K","-5,98%"
"31/01/1996","2,658","2,499","2,700","2,456","21,85K","6,15%"
"30/01/1996","2,504","2,340","2,560","2,340","24,65K","7,15%"
"29/01/1996","2,337","2,230","2,355","2,200","16,88K","9,92%"
"26/01/1996","2,126","2,030","2,150","2,005","9,98K","-9,15%"
"25/01/1996","2,340","2,448","2,498","2,200","","-6,14%"
"24/01/1996","2,493","2,450","2,720","2,200","58,98K","1,96%"
"23/01/1996","2,445","2,130","2,450","2,111","43,39K","15,06%"
"22/01/1996","2,125","2,015","2,140","1,950","23,61K","-1,98%"
"19/01/1996","2,168","2,264","2,360","2,130","21,01K","-4,24%"
"18/01/1996","2,264","2,335","2,430","2,230","21,36K","-3,08%"
"17/01/1996","2,336","2,090","2,405","2,090","31,58K","12,63%"
"16/01/1996","2,074","2,005","2,110","1,925","32,08K","2,83%"
"15/01/1996","2,017","2,150","2,230","1,970","31,29K","-12,95%"
"12/01/1996","2,317","2,480","2,490","2,210","28,44K","-6,95%"
"11/01/1996","2,490","2,765","2,780","2,330","37,51K","-11,36%"
"10/01/1996","2,809","2,926","2,935","2,720","23,72K","-4,06%"
"09/01/1996","2,928","3,080","3,099","2,920","11,46K","0,41%"
"08/01/1996","2,916","2,916","2,916","2,916","","0,00%"
"05/01/1996","2,916","2,950","2,970","2,880","13,35K","-1,62%"
"04/01/1996","2,964","2,980","3,029","2,870","15,09K","-0,74%"
"03/01/1996","2,986","2,880","3,100","2,860","18,52K","4,44%"
"02/01/1996","2,859","2,750","2,900","2,750","13,97K","9,16%"
"29/12/1995","2,619","2,500","2,690","2,488","10,83K","4,38%"
"28/12/1995","2,509","2,885","2,930","2,410","22,31K","-12,52%"
"27/12/1995","2,868","2,470","2,990","2,461","26,86K","16,21%"
"26/12/1995","2,468","2,350","2,480","2,340","6,53K","4,22%"
"22/12/1995","2,368","2,522","2,630","2,340","25,92K","-31,32%"
"21/12/1995","3,448","2,990","3,720","2,950","","12,28%"
"20/12/1995","3,071","2,871","3,100","2,600","56,69K","7,08%"
"19/12/1995","2,868","2,511","2,900","2,510","52,38K","14,54%"
"18/12/1995","2,504","2,430","2,515","2,420","34,67K","5,92%"
"15/12/1995","2,364","2,355","2,385","2,330","18,31K","0,47%"
"14/12/1995","2,353","2,294","2,369","2,270","28,51K","2,93%"
"13/12/1995","2,286","2,244","2,298","2,230","24,78K","2,28%"
"12/12/1995","2,235","2,190","2,238","2,155","18,83K","1,92%"
"11/12/1995","2,193","2,210","2,235","2,182","17,25K","-1,04%"
"08/12/1995","2,216","2,218","2,248","2,205","21,92K","0,36%"
"07/12/1995","2,208","2,195","2,280","2,160","20,66K","0,05%"
"06/12/1995","2,207","2,231","2,280","2,180","27,72K","-0,81%"
"05/12/1995","2,225","2,118","2,235","2,108","29,05K","4,95%"
"04/12/1995","2,120","2,090","2,134","2,085","21,52K","2,46%"
"01/12/1995","2,069","2,020","2,078","2,003","24,08K","2,53%"
"30/11/1995","2,018","2,030","2,031","1,975","17,18K","-0,64%"
"29/11/1995","2,031","2,032","2,035","1,975","21,82K","0,35%"
"28/11/1995","2,024","2,075","2,075","2,005","22,45K","-3,07%"
"27/11/1995","2,088","2,100","2,120","2,065","15,36K","-1,18%"
"22/11/1995","2,113","2,081","2,135","2,066","24,28K","-5,71%"
"21/11/1995","2,241","2,170","2,285","2,086","","3,89%"
"20/11/1995","2,157","2,050","2,175","2,050","46,09K","6,57%"
"17/11/1995","2,024","1,970","2,030","1,966","36,79K","2,79%"
"16/11/1995","1,969","1,916","1,974","1,915","27,82K","2,61%"
"15/11/1995","1,919","1,910","1,920","1,891","11,31K","0,68%"
"14/11/1995","1,906","1,908","1,914","1,886","14,64K","-0,31%"
"13/11/1995","1,912","1,923","1,932","1,910","15,69K","0,58%"
"10/11/1995","1,901","1,856","1,904","1,850","17,80K","2,42%"
"09/11/1995","1,856","1,867","1,875","1,848","9,75K","-0,64%"
"08/11/1995","1,868","1,845","1,874","1,845","14,03K","1,30%"
"07/11/1995","1,844","1,825","1,845","1,825","7,52K","1,10%"
"06/11/1995","1,824","1,833","1,840","1,818","7,23K","-0,49%"
"03/11/1995","1,833","1,850","1,860","1,827","8,03K","-0,60%"
"02/11/1995","1,844","1,844","1,864","1,836","8,59K","-0,27%"
"01/11/1995","1,849","1,865","1,874","1,841","10,20K","-0,91%"
"31/10/1995","1,866","1,850","1,870","1,835","10,67K","0,86%"
"30/10/1995","1,850","1,855","1,860","1,840","8,29K","0,60%"
"27/10/1995","1,839","1,830","1,842","1,820","6,93K","0,49%"
"26/10/1995","1,830","1,803","1,833","1,785","14,99K","1,10%"
"25/10/1995","1,810","1,804","1,844","1,803","14,59K","2,14%"
"24/10/1995","1,772","1,762","1,785","1,755","","0,51%"
"23/10/1995","1,763","1,753","1,765","1,736","21,54K","0,51%"
"20/10/1995","1,754","1,723","1,755","1,723","18,99K","1,80%"
"19/10/1995","1,723","1,725","1,727","1,695","10,15K","-0,23%"
"18/10/1995","1,727","1,724","1,745","1,710","11,75K","0,35%"
"17/10/1995","1,721","1,710","1,730","1,700","11,41K","0,70%"
"16/10/1995","1,709","1,745","1,745","1,692","11,91K","-2,34%"
"13/10/1995","1,750","1,739","1,760","1,730","7,82K","0,86%"
"12/10/1995","1,735","1,760","1,761","1,715","14,87K","-1,48%"
"11/10/1995","1,761","1,802","1,814","1,751","14,05K","-2,28%"
"10/10/1995","1,802","1,850","1,864","1,792","14,91K","-2,33%"
"09/10/1995","1,845","1,840","1,850","1,815","8,99K","2,39%"
"06/10/1995","1,802","1,790","1,810","1,771","9,77K","0,39%"
"05/10/1995","1,795","1,825","1,829","1,760","14,38K","-1,86%"
"04/10/1995","1,829","1,805","1,865","1,805","15,44K","1,11%"
"03/10/1995","1,809","1,890","1,917","1,800","28,26K","-4,49%"
"02/10/1995","1,894","1,840","1,900","1,810","31,43K","8,23%"
"29/09/1995","1,750","1,750","1,755","1,735","7,07K","0,00%"
"28/09/1995","1,750","1,720","1,755","1,711","10,90K","1,39%"
"27/09/1995","1,726","1,760","1,760","1,715","12,92K","-2,10%"
"26/09/1995","1,763","1,760","1,789","1,756","10,87K","-0,06%"
"25/09/1995","1,764","1,745","1,770","1,735","10,05K","7,30%"
"22/09/1995","1,644","1,611","1,658","1,605","","1,86%"
"21/09/1995","1,614","1,599","1,615","1,594","22,38K","1,13%"
"20/09/1995","1,596","1,590","1,610","1,582","17,55K","0,44%"
"19/09/1995","1,589","1,605","1,614","1,571","21,43K","-0,94%"
"18/09/1995","1,604","1,645","1,650","1,590","21,80K","-3,26%"
"15/09/1995","1,658","1,652","1,664","1,632","10,72K","0,42%"
"14/09/1995","1,651","1,718","1,722","1,645","17,36K","-4,01%"
"13/09/1995","1,720","1,650","1,723","1,642","16,72K","4,05%"
"12/09/1995","1,653","1,655","1,680","1,640","13,91K","-0,12%"
"11/09/1995","1,655","1,635","1,665","1,630","8,61K","0,79%"
"08/09/1995","1,642","1,625","1,645","1,610","6,47K","0,98%"
"07/09/1995","1,626","1,620","1,665","1,608","14,68K","-1,09%"
"06/09/1995","1,644","1,696","1,701","1,626","17,93K","-3,35%"
"05/09/1995","1,701","1,760","1,770","1,695","11,73K","-2,24%"
"01/09/1995","1,740","1,745","1,747","1,710","4,97K","-0,46%"
"31/08/1995","1,748","1,714","1,755","1,706","14,02K","2,70%"
"30/08/1995","1,702","1,680","1,729","1,670","16,07K","0,53%"
"29/08/1995","1,693","1,655","1,700","1,641","13,29K","2,23%"
"28/08/1995","1,656","1,660","1,673","1,645","7,90K","-2,24%"
"25/08/1995","1,694","1,670","1,700","1,660","10,80K","7,56%"
"24/08/1995","1,575","1,570","1,610","1,530","","0,45%"
"23/08/1995","1,568","1,565","1,575","1,530","27,47K","0,06%"
"22/08/1995","1,567","1,620","1,640","1,545","24,98K","-3,15%"
"21/08/1995","1,618","1,590","1,625","1,585","21,22K","2,60%"
"18/08/1995","1,577","1,533","1,580","1,530","12,78K","3,07%"
"17/08/1995","1,530","1,523","1,548","1,518","10,19K","0,20%"
"16/08/1995","1,527","1,560","1,560","1,497","15,07K","-2,05%"
"15/08/1995","1,559","1,550","1,593","1,545","20,36K","0,58%"
"14/08/1995","1,550","1,520","1,554","1,508","10,80K","3,13%"
"11/08/1995","1,503","1,509","1,520","1,476","11,29K","-0,07%"
"10/08/1995","1,504","1,540","1,575","1,495","22,04K","-2,27%"
"09/08/1995","1,539","1,476","1,547","1,471","21,12K","4,62%"
"08/08/1995","1,471","1,480","1,495","1,462","11,16K","-0,47%"
"07/08/1995","1,478","1,430","1,485","1,425","11,28K","1,51%"
"04/08/1995","1,456","1,425","1,459","1,410","9,60K","1,68%"
"03/08/1995","1,432","1,429","1,495","1,397","18,90K","0,70%"
"02/08/1995","1,422","1,470","1,485","1,390","22,98K","-2,54%"
"01/08/1995","1,459","1,615","1,645","1,445","29,70K","-9,60%"
"31/07/1995","1,614","1,540","1,615","1,525","27,90K","5,98%"
"28/07/1995","1,523","1,495","1,535","1,489","10,52K","2,21%"
"27/07/1995","1,490","1,475","1,500","1,465","14,23K","1,36%"
"26/07/1995","1,470","1,435","1,492","1,432","16,22K","2,65%"
"25/07/1995","1,432","1,410","1,445","1,395","14,04K","3,39%"
"24/07/1995","1,385","1,450","1,455","1,335","","-3,69%"
"21/07/1995","1,438","1,462","1,462","1,431","24,37K","-1,71%"
"20/07/1995","1,463","1,495","1,499","1,456","21,44K","-2,14%"
"19/07/1995","1,495","1,525","1,530","1,473","23,49K","-1,97%"
"18/07/1995","1,525","1,499","1,535","1,491","20,44K","2,07%"
"17/07/1995","1,494","1,495","1,520","1,485","10,47K","-1,19%"
"14/07/1995","1,512","1,486","1,528","1,481","12,98K","1,68%"
"13/07/1995","1,487","1,530","1,540","1,485","16,19K","-3,19%"
"12/07/1995","1,536","1,526","1,555","1,510","14,58K","0,59%"
"11/07/1995","1,527","1,570","1,605","1,520","23,13K","-2,43%"
"10/07/1995","1,565","1,525","1,579","1,520","19,79K","4,33%"
"07/07/1995","1,500","1,473","1,520","1,466","11,18K","1,97%"
"06/07/1995","1,471","1,485","1,485","1,450","9,58K","-0,07%"
"05/07/1995","1,472","1,512","1,520","1,470","17,19K","-3,79%"
"30/06/1995","1,530","1,525","1,538","1,520","3,97K","0,66%"
"29/06/1995","1,520","1,532","1,534","1,481","11,04K","-0,78%"
"28/06/1995","1,532","1,565","1,572","1,518","13,49K","-2,36%"
"27/06/1995","1,569","1,557","1,573","1,547","6,69K","0,58%"
"26/06/1995","1,560","1,560","1,590","1,556","12,15K","1,83%"
"23/06/1995","1,532","1,565","1,570","1,500","","-2,11%"
"22/06/1995","1,565","1,565","1,585","1,557","22,82K","0,00%"
"21/06/1995","1,565","1,605","1,605","1,550","23,19K","-2,37%"
"20/06/1995","1,603","1,620","1,630","1,595","13,41K","-1,05%"
"19/06/1995","1,620","1,648","1,660","1,615","12,63K","-0,49%"
"16/06/1995","1,628","1,675","1,677","1,601","20,86K","-2,69%"
"15/06/1995","1,673","1,700","1,705","1,671","13,11K","-1,47%"
"14/06/1995","1,698","1,709","1,713","1,692","6,07K","-0,59%"
"13/06/1995","1,708","1,715","1,719","1,695","5,81K","-0,23%"
"12/06/1995","1,712","1,690","1,720","1,690","8,10K","0,47%"
"09/06/1995","1,704","1,724","1,724","1,671","7,44K","0,41%"
"08/06/1995","1,697","1,691","1,727","1,690","8,24K","0,24%"
"07/06/1995","1,693","1,685","1,720","1,680","11,85K","0,42%"
"06/06/1995","1,686","1,730","1,730","1,670","13,74K","-2,60%"
"05/06/1995","1,731","1,700","1,735","1,698","10,45K","2,55%"
"02/06/1995","1,688","1,730","1,730","1,681","16,00K","-2,71%"
"01/06/1995","1,735","1,718","1,744","1,709","9,00K","0,99%"
"31/05/1995","1,718","1,716","1,732","1,695","13,56K","0,00%"
"30/05/1995","1,718","1,765","1,765","1,715","23,79K","-2,88%"
"26/05/1995","1,769","1,772","1,780","1,760","6,14K","-0,34%"
"25/05/1995","1,775","1,805","1,805","1,766","11,63K","-1,93%"
"24/05/1995","1,810","1,820","1,824","1,795","10,12K","3,02%"
"23/05/1995","1,757","1,730","1,770","1,721","","1,62%"
"22/05/1995","1,729","1,735","1,750","1,716","19,36K","-0,69%"
"19/05/1995","1,741","1,740","1,754","1,710","18,19K","-0,11%"
"18/05/1995","1,743","1,695","1,755","1,695","20,82K","2,83%"
"17/05/1995","1,695","1,715","1,717","1,685","9,15K","-1,28%"
"16/05/1995","1,717","1,730","1,740","1,702","12,68K","-0,75%"
"15/05/1995","1,730","1,685","1,735","1,677","20,42K","4,09%"
"12/05/1995","1,662","1,653","1,667","1,650","5,29K","0,67%"
"11/05/1995","1,651","1,676","1,680","1,645","10,33K","-1,61%"
"10/05/1995","1,678","1,682","1,690","1,670","7,95K","-0,18%"
"09/05/1995","1,681","1,660","1,694","1,660","12,06K","1,27%"
"08/05/1995","1,660","1,660","1,669","1,645","5,93K","0,55%"
"05/05/1995","1,651","1,655","1,665","1,636","5,16K","-0,12%"
"04/05/1995","1,653","1,665","1,675","1,635","12,10K","-0,78%"
"03/05/1995","1,666","1,665","1,675","1,650","7,95K","0,00%"
"02/05/1995","1,666","1,697","1,715","1,665","12,68K","-1,71%"
"01/05/1995","1,695","1,670","1,705","1,665","10,76K","1,99%"
"28/04/1995","1,662","1,660","1,675","1,643","7,17K","0,61%"
"27/04/1995","1,652","1,660","1,668","1,642","10,88K","-0,96%"
"26/04/1995","1,668","1,686","1,694","1,650","13,85K","-1,01%"
"25/04/1995","1,685","1,723","1,723","1,681","10,96K","-1,63%"
"24/04/1995","1,713","1,710","1,730","1,700","7,71K","2,45%"
"21/04/1995","1,672","1,685","1,694","1,655","","-1,30%"
"20/04/1995","1,694","1,718","1,745","1,685","27,30K","-1,34%"
"19/04/1995","1,717","1,680","1,720","1,679","18,82K","2,26%"
"18/04/1995","1,679","1,650","1,684","1,650","16,63K","1,39%"
"17/04/1995","1,656","1,625","1,670","1,625","17,17K","2,29%"
"13/04/1995","1,619","1,616","1,630","1,600","8,00K","-0,12%"
"12/04/1995","1,621","1,625","1,639","1,601","7,75K","-0,12%"
"11/04/1995","1,623","1,595","1,630","1,591","11,69K","1,63%"
"10/04/1995","1,597","1,625","1,640","1,585","15,95K","-1,60%"
"07/04/1995","1,623","1,635","1,636","1,610","8,72K","-0,79%"
"06/04/1995","1,636","1,652","1,675","1,628","9,93K","-1,09%"
"05/04/1995","1,654","1,691","1,695","1,641","12,28K","-2,36%"
"04/04/1995","1,694","1,680","1,705","1,672","8,98K","0,77%"
"03/04/1995","1,681","1,700","1,710","1,651","10,63K","-0,24%"
"31/03/1995","1,685","1,687","1,690","1,650","6,62K","-0,12%"
"30/03/1995","1,687","1,656","1,705","1,640","9,13K","1,69%"
"29/03/1995","1,659","1,638","1,674","1,626","7,54K","1,47%"
"28/03/1995","1,635","1,657","1,679","1,625","13,10K","-1,33%"
"27/03/1995","1,657","1,635","1,725","1,625","17,58K","5,81%"
"24/03/1995","1,566","1,564","1,590","1,541","","0,00%"
"23/03/1995","1,566","1,545","1,575","1,533","22,81K","1,16%"
"22/03/1995","1,548","1,516","1,555","1,486","22,55K","2,31%"
"21/03/1995","1,513","1,525","1,525","1,490","11,73K","-0,66%"
"20/03/1995","1,523","1,545","1,545","1,507","12,57K","-2,75%"
"17/03/1995","1,566","1,620","1,625","1,560","16,53K","-3,33%"
"16/03/1995","1,620","1,510","1,625","1,505","27,42K","7,57%"
"15/03/1995","1,506","1,465","1,510","1,470","15,96K","2,45%"
"14/03/1995","1,470","1,455","1,478","1,455","8,62K","0,96%"
"13/03/1995","1,456","1,440","1,465","1,431","7,98K","-0,48%"
"10/03/1995","1,463","1,440","1,470","1,430","9,35K","1,46%"
"09/03/1995","1,442","1,450","1,458","1,425","7,12K","-0,48%"
"08/03/1995","1,449","1,440","1,465","1,435","6,56K","1,19%"
"07/03/1995","1,432","1,430","1,445","1,420","4,24K","0,07%"
"06/03/1995","1,431","1,420","1,445","1,417","7,82K","-1,17%"
"03/03/1995","1,448","1,480","1,515","1,445","13,35K","-2,23%"
"02/03/1995","1,481","1,475","1,505","1,452","9,73K","-0,13%"
"01/03/1995","1,483","1,485","1,505","1,450","14,91K","0,00%"
"28/02/1995","1,483","1,425","1,485","1,426","11,08K","3,71%"
"27/02/1995","1,430","1,490","1,505","1,425","17,48K","-2,65%"
"24/02/1995","1,469","1,460","1,480","1,455","7,00K","0,62%"
"23/02/1995","1,460","1,420","1,464","1,421","12,43K","2,24%"
"22/02/1995","1,428","1,390","1,460","1,385","15,21K","0,00%"
"21/02/1995","1,428","1,405","1,450","1,405","","0,63%"
"17/02/1995","1,419","1,400","1,445","1,393","27,08K","1,43%"
"16/02/1995","1,399","1,380","1,405","1,360","15,97K","0,94%"
"15/02/1995","1,386","1,390","1,400","1,365","12,41K","-0,43%"
"14/02/1995","1,392","1,391","1,395","1,355","16,46K","0,14%"
"13/02/1995","1,390","1,430","1,440","1,385","18,35K","-5,44%"
"10/02/1995","1,470","1,490","1,520","1,460","13,94K","-1,28%"
"09/02/1995","1,489","1,435","1,494","1,425","10,35K","3,55%"
"08/02/1995","1,438","1,420","1,470","1,415","11,71K","1,20%"
"07/02/1995","1,421","1,538","1,540","1,410","18,02K","-7,61%"
"06/02/1995","1,538","1,530","1,555","1,515","15,70K","3,78%"
"03/02/1995","1,482","1,435","1,497","1,434","20,72K","3,28%"
"02/02/1995","1,435","1,385","1,439","1,390","13,73K","3,24%"
"01/02/1995","1,390","1,345","1,405","1,341","12,41K","2,66%"
"31/01/1995","1,354","1,371","1,385","1,337","9,31K","-1,74%"
"30/01/1995","1,378","1,385","1,390","1,360","5,45K","-0,93%"
"27/01/1995","1,391","1,378","1,409","1,375","6,06K","0,65%"
"26/01/1995","1,382","1,355","1,390","1,340","10,71K","1,54%"
"25/01/1995","1,361","1,400","1,420","1,355","16,21K","-3,88%"
"24/01/1995","1,416","1,381","1,480","1,375","","1,94%"
"23/01/1995","1,389","1,465","1,480","1,370","32,11K","-2,53%"
"20/01/1995","1,425","1,360","1,434","1,350","23,89K","4,86%"
"19/01/1995","1,359","1,330","1,370","1,316","15,86K","1,80%"
"18/01/1995","1,335","1,435","1,445","1,325","18,85K","-6,90%"
"17/01/1995","1,434","1,394","1,450","1,385","17,03K","3,17%"
"16/01/1995","1,390","1,300","1,395","1,300","16,87K","5,06%"
"13/01/1995","1,323","1,335","1,345","1,250","14,55K","-1,49%"
"12/01/1995","1,343","1,410","1,445","1,335","18,49K","-6,54%"
"11/01/1995","1,437","1,435","1,455","1,375","21,24K","-0,14%"
"10/01/1995","1,439","1,450","1,470","1,415","18,56K","-1,03%"
"09/01/1995","1,454","1,460","1,470","1,435","15,33K","-3,00%"
"06/01/1995","1,499","1,545","1,555","1,480","13,96K","-3,41%"
"05/01/1995","1,552","1,600","1,610","1,535","18,37K","-4,02%"
"04/01/1995","1,617","1,680","1,690","1,595","21,21K","-3,92%"
"03/01/1995","1,683","1,760","1,795","1,680","18,59K","-2,43%"
"30/12/1994","1,725","1,670","1,735","1,687","6,34K","2,31%"
"29/12/1994","1,686","1,680","1,700","1,655","6,25K","0,06%"
"28/12/1994","1,685","1,693","1,720","1,670","9,55K","-0,53%"
"27/12/1994","1,694","1,585","1,700","1,580","13,07K","7,83%"
"23/12/1994","1,571","1,570","1,600","1,565","2,65K","-4,15%"
"22/12/1994","1,639","1,587","1,650","1,580","","2,95%"
"21/12/1994","1,592","1,575","1,600","1,535","33,42K","1,21%"
"20/12/1994","1,573","1,570","1,610","1,555","23,29K","-0,25%"
"19/12/1994","1,577","1,640","1,645","1,570","22,98K","-6,41%"
"16/12/1994","1,685","1,701","1,730","1,665","16,19K","-1,92%"
"15/12/1994","1,718","1,720","1,740","1,680","9,72K","0,23%"
"14/12/1994","1,714","1,760","1,770","1,690","18,87K","-3,05%"
"13/12/1994","1,768","1,906","1,920","1,765","23,00K","-7,58%"
"12/12/1994","1,913","1,890","1,940","1,870","20,96K","3,85%"
"09/12/1994","1,842","1,846","1,890","1,805","13,15K","-0,27%"
"08/12/1994","1,847","1,775","1,865","1,775","18,43K","3,53%"
"07/12/1994","1,784","1,699","1,790","1,686","17,36K","5,50%"
"06/12/1994","1,691","1,720","1,768","1,680","14,85K","-2,14%"
"05/12/1994","1,728","1,625","1,735","1,620","17,45K","5,69%"
"02/12/1994","1,635","1,660","1,690","1,620","12,89K","-1,09%"
"01/12/1994","1,653","1,690","1,720","1,650","14,70K","-2,48%"
"30/11/1994","1,695","1,765","1,770","1,680","17,58K","-4,24%"
"29/11/1994","1,770","1,866","1,880","1,765","14,48K","-5,40%"
"28/11/1994","1,871","1,880","1,910","1,851","9,40K","-0,21%"
"23/11/1994","1,875","1,870","1,910","1,870","1,66K","0,05%"
"22/11/1994","1,874","1,810","1,880","1,810","11,33K","12,82%"
"21/11/1994","1,661","1,690","1,720","1,630","44,48K","-1,42%"
"18/11/1994","1,685","1,622","1,690","1,600","31,19K","4,14%"
"17/11/1994","1,618","1,651","1,655","1,585","28,47K","-2,47%"
"16/11/1994","1,659","1,734","1,749","1,651","21,56K","-4,38%"
"15/11/1994","1,735","1,701","1,740","1,680","15,76K","1,88%"
"14/11/1994","1,703","1,735","1,759","1,695","10,81K","-2,18%"
"11/11/1994","1,741","1,741","1,755","1,735","6,77K","0,00%"
"10/11/1994","1,741","1,780","1,810","1,735","16,41K","-1,92%"
"09/11/1994","1,775","1,755","1,790","1,742","11,06K","1,20%"
"08/11/1994","1,754","1,741","1,780","1,740","12,52K","-0,28%"
"07/11/1994","1,759","1,830","1,830","1,756","15,50K","-5,23%"
"04/11/1994","1,856","1,870","1,870","1,825","9,19K","-0,27%"
"03/11/1994","1,861","1,860","1,885","1,845","10,12K","-0,43%"
"02/11/1994","1,869","1,930","1,944","1,860","15,89K","-3,46%"
"01/11/1994","1,936","1,941","1,966","1,926","13,63K","-0,72%"
"31/10/1994","1,950","1,975","1,975","1,945","8,33K","-2,11%"
"28/10/1994","1,992","2,003","2,015","1,966","7,82K","-0,80%"
"27/10/1994","2,008","1,975","2,035","1,982","13,45K","-1,13%"
"26/10/1994","2,031","1,950","2,035","1,917","17,25K","4,31%"
"25/10/1994","1,947","1,940","2,040","1,930","23,91K","15,69%"
"24/10/1994","1,683","1,620","1,695","1,620","","5,39%"
"21/10/1994","1,597","1,551","1,615","1,550","27,34K","2,57%"
"20/10/1994","1,557","1,586","1,587","1,552","23,67K","-1,77%"
"19/10/1994","1,585","1,630","1,640","1,581","15,73K","-3,06%"
"18/10/1994","1,635","1,650","1,680","1,630","13,17K","-1,09%"
"17/10/1994","1,653","1,625","1,669","1,620","11,01K","1,29%"
"14/10/1994","1,632","1,605","1,635","1,600","0,09K","1,37%"
"13/10/1994","1,610","1,642","1,643","1,590","15,48K","-1,95%"
"12/10/1994","1,642","1,663","1,705","1,640","11,72K","-1,32%"
"11/10/1994","1,664","1,652","1,699","1,656","10,55K","0,36%"
"10/10/1994","1,658","1,630","1,680","1,630","9,18K","2,09%"
"07/10/1994","1,624","1,645","1,650","1,611","10,43K","-1,40%"
"06/10/1994","1,647","1,655","1,675","1,637","8,63K","-1,02%"
"05/10/1994","1,664","1,690","1,730","1,661","9,49K","-1,65%"
"04/10/1994","1,692","1,680","1,714","1,685","9,30K","0,53%"
"03/10/1994","1,683","1,650","1,715","1,640","13,61K","1,57%"
"30/09/1994","1,657","1,695","1,709","1,653","8,78K","-2,93%"
"29/09/1994","1,707","1,700","1,730","1,690","5,33K","0,29%"
"28/09/1994","1,702","1,715","1,735","1,695","6,49K","-0,76%"
"27/09/1994","1,715","1,705","1,720","1,670","9,31K","-0,06%"
"26/09/1994","1,716","1,705","1,770","1,695","15,16K","22,05%"
"23/09/1994","1,406","1,435","1,450","1,395","","-2,70%"
"22/09/1994","1,445","1,490","1,495","1,425","29,28K","-3,22%"
"21/09/1994","1,493","1,550","1,565","1,485","23,32K","-4,05%"
"20/09/1994","1,556","1,633","1,650","1,550","19,46K","-4,72%"
"19/09/1994","1,633","1,610","1,645","1,600","","0,31%"
"16/09/1994","1,628","1,625","1,640","1,605","11,88K","-0,18%"
"15/09/1994","1,631","1,671","1,730","1,625","13,87K","-3,15%"
"14/09/1994","1,684","1,670","1,720","1,666","11,75K","0,54%"
"13/09/1994","1,675","1,660","1,710","1,660","14,15K","-0,77%"
"12/09/1994","1,688","1,635","1,705","1,625","13,59K","3,05%"
"09/09/1994","1,638","1,655","1,658","1,615","0,34K","-1,27%"
"08/09/1994","1,659","1,605","1,670","1,595","13,26K","1,72%"
"07/09/1994","1,631","1,595","1,645","1,595","10,15K","2,19%"
"06/09/1994","1,596","1,540","1,600","1,530","10,71K","2,31%"
"02/09/1994","1,560","1,585","1,598","1,540","7,76K","-2,26%"
"01/09/1994","1,596","1,580","1,630","1,571","10,03K","0,63%"
"31/08/1994","1,586","1,595","1,610","1,575","6,31K","-0,94%"
"30/08/1994","1,601","1,661","1,673","1,585","10,36K","-3,61%"
"29/08/1994","1,661","1,610","1,679","1,590","10,85K","2,72%"
"26/08/1994","1,617","1,620","1,665","1,585","0,79K","-0,19%"
"25/08/1994","1,620","1,665","1,665","1,520","2,23K","9,16%"
"24/08/1994","1,484","1,535","1,550","1,450","","-3,13%"
"23/08/1994","1,532","1,610","1,610","1,525","21,60K","-4,96%"
"22/08/1994","1,612","1,640","1,660","1,610","17,91K","-3,70%"
"19/08/1994","1,674","1,720","1,740","1,650","19,22K","-3,29%"
"18/08/1994","1,731","1,835","1,880","1,725","17,48K","-5,77%"
"17/08/1994","1,837","1,790","1,850","1,780","10,59K","2,63%"
"16/08/1994","1,790","1,750","1,799","1,745","20,98K","2,11%"
"15/08/1994","1,753","1,725","1,770","1,710","13,31K","1,92%"
"12/08/1994","1,720","1,680","1,730","1,655","9,31K","2,02%"
"11/08/1994","1,686","1,765","1,765","1,680","12,05K","-4,53%"
"10/08/1994","1,766","1,695","1,790","1,695","13,80K","3,70%"
"09/08/1994","1,703","1,665","1,715","1,635","12,10K","1,92%"
"08/08/1994","1,671","1,725","1,750","1,665","9,54K","-2,79%"
"05/08/1994","1,719","1,760","1,765","1,680","13,21K","-2,39%"
"04/08/1994","1,761","1,740","1,780","1,720","11,14K","1,09%"
"03/08/1994","1,742","1,805","1,815","1,720","16,30K","-4,07%"
"02/08/1994","1,816","1,866","1,873","1,805","10,67K","-3,30%"
"01/08/1994","1,878","1,910","1,920","1,865","7,45K","-0,79%"
"29/07/1994","1,893","1,853","1,910","1,851","5,99K","1,72%"
"28/07/1994","1,861","1,839","1,870","1,842","2,84K","0,98%"
"27/07/1994","1,843","1,866","1,874","1,840","4,88K","-1,34%"
"26/07/1994","1,868","1,840","1,880","1,830","7,42K","1,25%"
"25/07/1994","1,845","1,910","1,915","1,835","15,18K","3,13%"
"22/07/1994","1,789","1,840","1,840","1,765","","-2,77%"
"21/07/1994","1,840","1,900","1,900","1,825","22,12K","-3,21%"
"20/07/1994","1,901","1,955","1,975","1,895","16,04K","-2,96%"
"19/07/1994","1,959","1,941","1,980","1,938","9,78K","0,72%"
"18/07/1994","1,945","1,940","1,975","1,940","9,38K","-0,15%"
"15/07/1994","1,948","1,963","1,978","1,925","10,47K","-1,47%"
"14/07/1994","1,977","1,995","2,000","1,965","5,19K","-1,15%"
"13/07/1994","2,000","1,998","2,030","1,990","6,64K","-0,25%"
"12/07/1994","2,005","2,000","2,055","2,000","7,76K","-1,04%"
"11/07/1994","2,026","2,023","2,070","1,985","15,63K","0,15%"
"08/07/1994","2,023","2,061","2,078","2,020","12,25K","-2,36%"
"07/07/1994","2,072","2,061","2,078","2,075","12,39K","-2,36%"
"06/07/1994","2,122","2,121","2,121","2,095","6,28K","-0,42%"
"05/07/1994","2,131","2,126","2,135","2,129","10,47K","-3,84%"
"01/07/1994","2,216","2,210","2,220","2,185","5,28K","1,47%"
"30/06/1994","2,184","2,170","2,195","2,155","7,58K","0,18%"
"29/06/1994","2,180","2,180","2,190","2,150","6,41K","-0,91%"
"28/06/1994","2,200","2,140","2,240","2,140","20,03K","3,00%"
"27/06/1994","2,136","2,145","2,180","2,135","9,62K","0,09%"
"24/06/1994","2,134","2,065","2,140","2,060","8,67K","8,55%"
"23/06/1994","1,966","1,975","1,990","1,940","","-2,87%"
"22/06/1994","2,024","2,060","2,070","2,005","19,02K","-2,60%"
"21/06/1994","2,078","2,125","2,135","2,075","13,46K","-2,26%"
"20/06/1994","2,126","2,085","2,135","2,070","8,06K","1,97%"
"17/06/1994","2,085","2,110","2,120","2,080","8,94K","-2,30%"
"16/06/1994","2,134","2,180","2,225","2,120","13,59K","-1,75%"
"15/06/1994","2,172","2,140","2,180","2,130","10,34K","1,97%"
"14/06/1994","2,130","2,135","2,155","2,100","8,47K","0,42%"
"13/06/1994","2,121","2,140","2,155","2,085","11,17K","-0,61%"
"10/06/1994","2,134","2,055","2,140","2,055","12,29K","4,25%"
"09/06/1994","2,047","2,095","2,105","2,040","9,26K","-1,92%"
"08/06/1994","2,087","2,030","2,090","2,022","13,31K","3,21%"
"07/06/1994","2,022","1,985","2,040","1,985","0,09K","2,64%"
"06/06/1994","1,970","1,975","1,985","1,950","6,02K","0,25%"
"03/06/1994","1,965","1,960","1,980","1,935","7,53K","-0,86%"
"02/06/1994","1,982","1,870","1,990","1,870","18,83K","4,87%"
"01/06/1994","1,890","1,915","1,935","1,882","9,74K","-1,41%"
"31/05/1994","1,917","1,840","1,925","1,840","10,59K","4,07%"
"27/05/1994","1,842","1,855","1,860","1,825","4,74K","-1,07%"
"26/05/1994","1,862","1,835","1,870","1,825","6,32K","1,42%"
"25/05/1994","1,836","1,880","1,885","1,800","12,89K","-2,55%"
"24/05/1994","1,884","1,930","1,950","1,881","9,13K","1,78%"
"23/05/1994","1,851","1,865","1,880","1,831","","-2,78%"
"20/05/1994","1,904","1,940","1,950","1,895","18,08K","-2,71%"
"19/05/1994","1,957","1,935","1,962","1,931","13,45K","0,72%"
"18/05/1994","1,943","1,949","1,965","1,932","8,21K","-0,31%"
"17/05/1994","1,949","1,895","1,960","1,895","12,36K","1,88%"
"16/05/1994","1,913","1,905","1,935","1,905","4,92K","-0,52%"
"13/05/1994","1,923","1,930","1,940","1,900","8,23K","-1,23%"
"12/05/1994","1,947","1,940","1,965","1,925","7,54K","-0,15%"
"11/05/1994","1,950","1,985","1,995","1,940","8,26K","-2,01%"
"10/05/1994","1,990","1,975","1,994","1,960","7,50K","0,20%"
"09/05/1994","1,986","2,030","2,045","1,980","8,02K","-2,50%"
"06/05/1994","2,037","2,050","2,060","2,010","7,02K","-0,34%"
"05/05/1994","2,044","2,015","2,055","2,015","5,90K","0,49%"
"04/05/1994","2,034","2,010","2,045","1,980","9,32K","1,60%"
"03/05/1994","2,002","2,000","2,020","1,985","7,65K","-0,35%"
"02/05/1994","2,009","2,065","2,084","2,000","13,16K","-2,81%"
"29/04/1994","2,067","2,080","2,095","2,040","11,70K","0,00%"
"28/04/1994","2,067","2,070","2,080","2,061","10,61K","-1,71%"
"26/04/1994","2,103","2,131","2,140","2,095","10,82K","-2,28%"
"25/04/1994","2,152","2,140","2,170","2,140","51,11K","3,66%"
"22/04/1994","2,076","2,095","2,110","2,050","","-2,63%"
"21/04/1994","2,132","2,140","2,149","2,110","16,58K","-0,33%"
"20/04/1994","2,139","2,120","2,155","2,120","12,05K","0,47%"
"19/04/1994","2,129","2,135","2,155","2,125","7,28K","-1,25%"
"18/04/1994","2,156","2,170","2,205","2,152","11,63K","-1,42%"
"15/04/1994","2,187","2,145","2,195","2,145","6,96K","1,11%"
"14/04/1994","2,163","2,135","2,194","2,135","14,92K","1,50%"
"13/04/1994","2,131","2,100","2,135","2,100","7,94K","2,01%"
"12/04/1994","2,089","2,080","2,095","2,075","5,93K","1,02%"
"11/04/1994","2,068","2,040","2,095","2,030","7,97K","0,10%"
"08/04/1994","2,066","2,081","2,090","2,065","3,52K","-0,91%"
"07/04/1994","2,085","2,095","2,115","2,080","4,40K","-0,57%"
"06/04/1994","2,097","2,080","2,105","2,070","5,70K","1,35%"
"05/04/1994","2,069","2,115","2,134","2,065","9,69K","-3,50%"
"04/04/1994","2,144","2,080","2,145","2,070","9,57K","3,33%"
"31/03/1994","2,075","2,055","2,080","2,050","2,27K","0,83%"
"30/03/1994","2,058","2,050","2,060","2,041","2,40K","-0,19%"
"29/03/1994","2,062","2,045","2,075","2,045","3,59K","-0,19%"
"28/03/1994","2,066","2,040","2,110","2,040","8,18K","-0,29%"
"25/03/1994","2,072","2,075","2,120","2,070","9,55K","4,59%"
"24/03/1994","1,981","2,055","2,060","1,940","","-4,62%"
"23/03/1994","2,077","2,090","2,110","2,068","0,08K","-1,42%"
"22/03/1994","2,107","2,035","2,110","2,035","17,09K","2,53%"
"21/03/1994","2,055","2,085","2,095","2,045","9,56K","-2,28%"
"18/03/1994","2,103","2,090","2,120","2,085","5,97K","-0,99%"
"17/03/1994","2,124","2,120","2,148","2,105","7,05K","-1,80%"
"16/03/1994","2,163","2,085","2,173","2,085","10,45K","2,80%"
"15/03/1994","2,104","2,055","2,105","2,040","6,37K","2,63%"
"14/03/1994","2,050","2,050","2,060","2,025","7,85K","-2,19%"
"11/03/1994","2,096","2,100","2,115","2,080","8,86K","-0,95%"
"10/03/1994","2,116","2,130","2,145","2,115","8,71K","-1,86%"
"09/03/1994","2,156","2,180","2,195","2,145","6,71K","-1,82%"
"08/03/1994","2,196","2,140","2,200","2,135","5,62K","1,34%"
"07/03/1994","2,167","2,160","2,180","2,140","6,89K","-0,96%"
"04/03/1994","2,188","2,140","2,190","2,115","8,50K","1,96%"
"03/03/1994","2,146","2,140","2,155","2,125","6,88K","-1,15%"
"02/03/1994","2,171","2,190","2,215","2,140","6,24K","-0,41%"
"01/03/1994","2,180","2,185","2,220","2,160","9,53K","-1,27%"
"28/02/1994","2,208","2,295","2,310","2,190","10,83K","-3,66%"
"25/02/1994","2,292","2,240","2,295","2,230","4,61K","1,96%"
"24/02/1994","2,248","2,215","2,275","2,215","7,18K","0,72%"
"23/02/1994","2,232","2,310","2,320","2,225","7,90K","-2,79%"
"22/02/1994","2,296","2,270","2,310","2,265","5,08K","-5,05%"
"18/02/1994","2,418","2,340","2,450","2,320","","1,38%"
"17/02/1994","2,385","2,330","2,400","2,310","19,46K","1,71%"
"16/02/1994","2,345","2,280","2,350","2,265","20,50K","4,08%"
"15/02/1994","2,253","2,205","2,270","2,185","15,29K","0,04%"
"14/02/1994","2,252","2,260","2,300","2,215","14,21K","-4,41%"
"11/02/1994","2,356","2,385","2,410","2,340","7,01K","-0,76%"
"10/02/1994","2,374","2,400","2,460","2,355","11,87K","0,68%"
"09/02/1994","2,358","2,430","2,445","2,305","13,59K","-2,20%"
"08/02/1994","2,411","2,390","2,435","2,390","8,35K","2,73%"
"07/02/1994","2,347","2,300","2,350","2,265","10,96K","-0,93%"
"04/02/1994","2,369","2,340","2,405","2,305","10,39K","-0,59%"
"03/02/1994","2,383","2,550","2,590","2,345","22,39K","-7,81%"
"02/02/1994","2,585","2,670","2,690","2,480","21,10K","-2,05%"
"01/02/1994","2,639","2,570","2,660","2,570","10,15K","3,33%"
"31/01/1994","2,554","2,520","2,599","2,520","10,10K","1,03%"
"28/01/1994","2,528","2,380","2,540","2,380","13,13K","4,59%"
"27/01/1994","2,417","2,430","2,465","2,391","14,63K","2,46%"
"26/01/1994","2,359","2,270","2,375","2,270","15,89K","5,03%"
"25/01/1994","2,246","2,250","2,285","2,220","10,80K","-9,07%"
"24/01/1994","2,470","2,260","2,550","2,260","","7,16%"
"21/01/1994","2,305","2,210","2,330","2,180","18,73K","2,44%"
"20/01/1994","2,250","2,260","2,275","2,200","15,86K","-0,09%"
"19/01/1994","2,252","2,351","2,380","2,215","20,90K","-2,85%"
"18/01/1994","2,318","2,315","2,344","2,300","12,23K","-1,78%"
"17/01/1994","2,360","2,340","2,405","2,325","14,50K","4,06%"
"14/01/1994","2,268","2,250","2,295","2,230","16,27K","3,37%"
"13/01/1994","2,194","2,250","2,260","2,150","15,08K","-1,92%"
"12/01/1994","2,237","2,240","2,250","2,220","10,52K","0,81%"
"11/01/1994","2,219","2,170","2,220","2,165","12,29K","2,87%"
"10/01/1994","2,157","2,170","2,200","2,145","12,21K","0,05%"
"07/01/1994","2,156","2,100","2,175","2,100","16,25K","2,96%"
"06/01/1994","2,094","2,120","2,135","2,070","12,31K","0,14%"
"05/01/1994","2,091","2,040","2,100","2,020","11,82K","6,47%"
"04/01/1994","1,964","1,935","1,975","1,920","6,01K","1,81%"
"03/01/1994","1,929","1,955","1,970","1,910","6,55K","-3,41%"
"30/12/1993","1,997","2,025","2,060","1,990","6,97K","-2,78%"
"29/12/1993","2,054","2,060","2,070","2,035","5,27K","-1,01%"
"28/12/1993","2,075","2,120","2,140","2,040","8,84K","-0,62%"
"27/12/1993","2,088","2,010","2,135","2,010","13,87K","6,31%"
"23/12/1993","1,964","1,910","1,987","1,910","4,27K","-2,87%"
"22/12/1993","2,022","2,040","2,130","1,960","","1,00%"
"21/12/1993","2,002","2,165","2,190","1,990","23,22K","-7,83%"
"20/12/1993","2,172","2,120","2,205","2,120","19,47K","3,18%"
"17/12/1993","2,105","2,090","2,135","2,080","14,46K","1,45%"
"16/12/1993","2,075","2,000","2,085","2,000","13,03K","3,08%"
"15/12/1993","2,013","2,000","2,075","1,980","14,00K","-0,15%"
"14/12/1993","2,016","1,895","2,025","1,880","19,57K","6,50%"
"13/12/1993","1,893","1,950","1,960","1,888","9,87K","-2,72%"
"10/12/1993","1,946","1,925","1,960","1,901","10,40K","1,57%"
"09/12/1993","1,916","1,990","2,000","1,901","15,13K","-3,33%"
"08/12/1993","1,982","1,996","2,030","1,965","11,12K","-3,51%"
"07/12/1993","2,054","2,015","2,080","2,015","14,38K","1,03%"
"06/12/1993","2,033","2,155","2,165","2,030","14,14K","-5,57%"
"03/12/1993","2,153","2,140","2,155","2,125","7,12K","0,84%"
"02/12/1993","2,135","2,180","2,195","2,115","15,19K","-2,87%"
"01/12/1993","2,198","2,240","2,285","2,180","17,57K","-2,01%"
"30/11/1993","2,243","2,270","2,290","2,230","8,51K","-1,41%"
"29/11/1993","2,275","2,295","2,315","2,270","0,48K","-3,40%"
"24/11/1993","2,355","2,360","2,395","2,345","6,60K","0,13%"
"23/11/1993","2,352","2,415","2,425","2,350","11,86K","-1,84%"
"22/11/1993","2,396","2,335","2,405","2,335","16,15K","0,46%"
"19/11/1993","2,385","2,345","2,410","2,340","","2,10%"
"18/11/1993","2,336","2,305","2,340","2,290","15,40K","1,79%"
"17/11/1993","2,295","2,255","2,305","2,255","12,83K","2,00%"
"16/11/1993","2,250","2,230","2,270","2,212","12,46K","-0,53%"
"15/11/1993","2,262","2,220","2,290","2,210","15,13K","1,30%"
"12/11/1993","2,233","2,280","2,290","2,225","15,82K","-2,79%"
"11/11/1993","2,297","2,315","2,330","2,285","9,46K","-1,12%"
"10/11/1993","2,323","2,365","2,370","2,320","12,54K","-2,39%"
"09/11/1993","2,380","2,375","2,398","2,370","5,99K","-0,38%"
"08/11/1993","2,389","2,430","2,440","2,385","8,39K","-2,09%"
"05/11/1993","2,440","2,455","2,465","2,430","5,98K","-0,25%"
"04/11/1993","2,446","2,450","2,468","2,435","","0,20%"
"03/11/1993","2,441","2,390","2,460","2,390","10,35K","1,41%"
"02/11/1993","2,407","2,430","2,440","2,385","9,26K","-1,11%"
"01/11/1993","2,434","2,380","2,435","2,380","11,51K","2,79%"
"29/10/1993","2,368","2,400","2,424","2,365","10,81K","-0,71%"
"28/10/1993","2,385","2,370","2,390","2,355","8,28K","0,89%"
"27/10/1993","2,364","2,310","2,375","2,310","11,22K","2,56%"
"26/10/1993","2,305","2,295","2,315","2,295","3,63K","-0,35%"
"25/10/1993","2,313","2,320","2,355","2,310","8,03K","7,33%"
"22/10/1993","2,155","2,135","2,200","2,105","","1,36%"
"21/10/1993","2,126","2,130","2,150","2,115","14,92K","0,47%"
"20/10/1993","2,116","2,170","2,175","2,110","12,19K","-2,31%"
"19/10/1993","2,166","2,135","2,170","2,135","8,09K","1,64%"
"18/10/1993","2,131","2,150","2,160","2,125","6,45K","-1,89%"
"15/10/1993","2,172","2,155","2,195","2,155","6,43K","0,23%"
"14/10/1993","2,167","2,200","2,205","2,151","6,19K","-1,72%"
"13/10/1993","2,205","2,150","2,225","2,150","12,08K","2,51%"
"12/10/1993","2,151","2,191","2,210","2,145","7,97K","-1,56%"
"11/10/1993","2,185","2,150","2,190","2,150","3,25K","2,06%"
"08/10/1993","2,141","2,115","2,150","2,110","5,89K","0,90%"
"07/10/1993","2,122","2,170","2,180","2,120","7,44K","-2,35%"
"06/10/1993","2,173","2,161","2,195","2,161","4,89K","-0,23%"
"05/10/1993","2,178","2,180","2,215","2,165","8,97K","-0,86%"
"04/10/1993","2,197","2,255","2,270","2,190","9,47K","-3,51%"
"01/10/1993","2,277","2,275","2,295","2,260","4,11K","-0,61%"
"30/09/1993","2,291","2,320","2,350","2,280","8,52K","-1,16%"
"29/09/1993","2,318","2,310","2,335","2,285","7,70K","0,70%"
"28/09/1993","2,302","2,265","2,319","2,260","7,71K","1,68%"
"27/09/1993","2,264","2,260","2,290","2,245","5,75K","0,31%"
"24/09/1993","2,257","2,250","2,280","2,230","7,32K","9,24%"
"23/09/1993","2,066","2,125","2,160","1,960","","-4,26%"
"22/09/1993","2,158","2,190","2,250","2,150","17,26K","-3,57%"
"21/09/1993","2,238","2,190","2,295","2,170","18,26K","2,05%"
"20/09/1993","2,193","2,155","2,205","2,145","9,45K","1,29%"
"17/09/1993","2,165","2,060","2,180","2,060","10,44K","3,84%"
"16/09/1993","2,085","2,090","2,110","2,080","5,77K","-1,79%"
"15/09/1993","2,123","2,125","2,140","2,115","6,84K","-1,58%"
"14/09/1993","2,157","2,175","2,190","2,145","5,36K","-1,78%"
"13/09/1993","2,196","2,175","2,210","2,130","8,49K","0,00%"
"10/09/1993","2,196","2,225","2,240","2,175","10,97K","-3,00%"
"09/09/1993","2,264","2,275","2,300","2,235","10,23K","-0,83%"
"08/09/1993","2,283","2,285","2,308","2,260","8,57K","0,48%"
"07/09/1993","2,272","2,365","2,375","2,260","16,75K","-4,98%"
"03/09/1993","2,391","2,390","2,405","2,385","3,51K","-0,62%"
"02/09/1993","2,406","2,365","2,420","2,360","4,16K","1,69%"
"01/09/1993","2,366","2,360","2,385","2,360","3,42K","-0,38%"
"31/08/1993","2,375","2,380","2,400","2,370","3,85K","-1,17%"
"30/08/1993","2,403","2,400","2,425","2,390","4,44K","-1,80%"
"27/08/1993","2,447","2,435","2,460","2,433","3,69K","0,78%"
"26/08/1993","2,428","2,370","2,435","2,365","5,13K","1,97%"
"25/08/1993","2,381","2,370","2,395","2,350","6,81K","-0,83%"
"24/08/1993","2,401","2,392","2,465","2,350","","-0,70%"
"23/08/1993","2,418","2,470","2,490","2,375","18,83K","-1,71%"
"20/08/1993","2,460","2,395","2,470","2,380","11,19K","2,93%"
"19/08/1993","2,390","2,420","2,458","2,370","11,48K","-0,83%"
"18/08/1993","2,410","2,360","2,420","2,360","8,90K","2,55%"
"17/08/1993","2,350","2,360","2,380","2,345","8,86K","-0,30%"
"16/08/1993","2,357","2,320","2,360","2,310","8,98K","2,70%"
"13/08/1993","2,295","2,290","2,315","2,270","5,76K","-0,04%"
"12/08/1993","2,296","2,250","2,305","2,250","8,99K","1,91%"
"11/08/1993","2,253","2,225","2,260","2,210","6,13K","1,58%"
"10/08/1993","2,218","2,175","2,225","2,175","4,65K","1,93%"
"09/08/1993","2,176","2,175","2,194","2,170","2,54K","-1,23%"
"06/08/1993","2,203","2,221","2,240","2,200","3,60K","-0,99%"
"05/08/1993","2,225","2,215","2,245","2,205","5,45K","1,14%"
"04/08/1993","2,200","2,230","2,248","2,170","7,75K","0,50%"
"03/08/1993","2,189","2,195","2,225","2,180","0,02K","-1,22%"
"02/08/1993","2,216","2,225","2,270","2,210","7,49K","-0,18%"
"30/07/1993","2,220","2,190","2,225","2,170","5,33K","1,79%"
"29/07/1993","2,181","2,140","2,185","2,120","4,90K","1,92%"
"28/07/1993","2,140","2,100","2,165","2,095","6,26K","1,42%"
"27/07/1993","2,110","2,130","2,140","2,105","2,78K","-0,66%"
"26/07/1993","2,124","2,090","2,130","2,090","3,99K","0,14%"
"23/07/1993","2,121","2,070","2,170","2,031","","1,19%"
"22/07/1993","2,096","2,085","2,140","2,085","14,18K","0,05%"
"21/07/1993","2,095","2,040","2,100","2,025","11,18K","3,05%"
"20/07/1993","2,033","2,030","2,045","1,995","5,24K","0,44%"
"19/07/1993","2,024","2,065","2,080","1,960","2,89K","-2,08%"
"16/07/1993","2,067","2,050","2,075","2,045","5,39K","1,77%"
"15/07/1993","2,031","2,035","2,070","1,990","7,79K","-0,15%"
"14/07/1993","2,034","2,050","2,065","2,020","8,71K","-2,26%"
"13/07/1993","2,081","2,070","2,135","2,070","6,42K","-0,19%"
"12/07/1993","2,085","2,170","2,178","2,070","7,69K","-3,16%"
"09/07/1993","2,153","2,150","2,160","2,105","3,40K","1,27%"
"08/07/1993","2,126","2,160","2,190","2,120","3,76K","-1,48%"
"07/07/1993","2,158","2,155","2,170","2,145","3,97K","0,65%"
"06/07/1993","2,144","2,140","2,165","2,120","4,58K","1,90%"
"02/07/1993","2,104","2,090","2,145","2,090","4,06K","-0,80%"
"01/07/1993","2,121","2,160","2,176","2,110","6,65K","-2,75%"
"30/06/1993","2,181","2,150","2,209","2,150","5,24K","0,46%"
"29/06/1993","2,171","2,200","2,215","2,151","6,84K","-1,18%"
"28/06/1993","2,197","2,145","2,205","2,140","4,09K","1,85%"
"25/06/1993","2,157","2,165","2,180","2,140","2,38K","-0,09%"
"24/06/1993","2,159","2,065","2,170","2,065","7,83K","12,57%"
"23/06/1993","1,918","2,010","2,030","1,840","","-8,05%"
"22/06/1993","2,086","2,140","2,160","2,065","18,42K","-4,97%"
"21/06/1993","2,195","2,210","2,230","2,160","13,76K","-2,66%"
"18/06/1993","2,255","2,255","2,280","2,245","7,19K","0,62%"
"17/06/1993","2,241","2,220","2,250","2,205","6,22K","2,19%"
"16/06/1993","2,193","2,155","2,195","2,146","5,69K","1,91%"
"15/06/1993","2,152","2,210","2,219","2,145","5,63K","-2,18%"
"14/06/1993","2,200","2,175","2,210","2,175","2,37K","1,01%"
"11/06/1993","2,178","2,132","2,180","2,132","2,95K","1,73%"
"10/06/1993","2,141","2,185","2,220","2,135","7,94K","-1,38%"
"09/06/1993","2,171","2,135","2,175","2,115","6,23K","2,12%"
"08/06/1993","2,126","2,025","2,160","2,025","0,18K","4,42%"
"07/06/1993","2,036","2,080","2,090","2,025","7,60K","-3,51%"
"04/06/1993","2,110","2,100","2,134","2,080","3,27K","-0,19%"
"03/06/1993","2,114","2,065","2,120","2,061","5,80K","0,28%"
"02/06/1993","2,108","2,150","2,170","2,090","8,62K","-3,26%"
"01/06/1993","2,179","2,140","2,210","2,140","6,34K","1,77%"
"28/05/1993","2,141","2,105","2,160","2,085","2,78K","1,76%"
"27/05/1993","2,104","2,095","2,115","2,075","3,91K","0,86%"
"26/05/1993","2,086","2,065","2,130","2,065","5,17K","0,10%"
"25/05/1993","2,084","1,980","2,110","1,968","11,33K","3,73%"
"24/05/1993","2,009","2,050","2,070","2,000","11,33K","-5,19%"
"21/05/1993","2,119","2,250","2,280","1,950","","-8,74%"
"20/05/1993","2,322","2,250","2,345","2,250","16,13K","0,30%"
"19/05/1993","2,315","2,320","2,330","2,185","16,95K","-1,45%"
"18/05/1993","2,349","2,330","2,365","2,325","10,73K","1,51%"
"17/05/1993","2,314","2,250","2,320","2,240","8,28K","2,30%"
"14/05/1993","2,262","2,240","2,290","2,230","7,18K","-0,40%"
"13/05/1993","2,271","2,225","2,280","2,225","6,85K","2,53%"
"12/05/1993","2,215","2,150","2,230","2,120","7,54K","2,69%"
"11/05/1993","2,157","2,055","2,190","2,025","10,72K","3,60%"
"10/05/1993","2,082","2,110","2,145","2,050","8,67K","-3,70%"
"07/05/1993","2,162","2,145","2,175","2,135","4,14K","-0,55%"
"06/05/1993","2,174","2,150","2,200","2,130","7,33K","-2,25%"
"05/05/1993","2,224","2,250","2,280","2,210","4,90K","-4,01%"
"04/05/1993","2,317","2,250","2,325","2,165","10,96K","1,22%"
"03/05/1993","2,289","2,335","2,360","2,265","7,30K","-3,21%"
"30/04/1993","2,365","2,375","2,390","2,341","3,55K","-0,30%"
"29/04/1993","2,372","2,360","2,385","2,325","4,08K","0,76%"
"28/04/1993","2,354","2,350","2,385","2,310","6,77K","1,55%"
"27/04/1993","2,318","2,260","2,345","2,210","13,62K","0,04%"
"26/04/1993","2,317","2,440","2,480","2,310","11,47K","-15,99%"
"23/04/1993","2,758","2,690","2,800","2,690","","1,10%"
"22/04/1993","2,728","2,650","2,740","2,580","16,84K","3,61%"
"21/04/1993","2,633","2,450","2,645","2,450","11,91K","7,82%"
"20/04/1993","2,442","2,415","2,450","2,370","5,55K","1,41%"
"19/04/1993","2,408","2,410","2,425","2,355","3,88K","0,71%"
"16/04/1993","2,391","2,355","2,400","2,305","7,41K","1,44%"
"15/04/1993","2,357","2,400","2,450","2,350","6,18K","-0,30%"
"14/04/1993","2,364","2,280","2,380","2,280","5,60K","1,90%"
"13/04/1993","2,320","2,325","2,450","2,281","11,08K","-1,02%"
"12/04/1993","2,344","2,220","2,390","2,195","6,62K","5,16%"
"08/04/1993","2,229","2,145","2,250","2,126","8,12K","3,48%"
"07/04/1993","2,154","2,145","2,184","2,135","3,98K","0,05%"
"06/04/1993","2,153","2,085","2,165","2,076","5,41K","2,87%"
"05/04/1993","2,093","2,035","2,100","2,030","3,03K","3,36%"
"02/04/1993","2,025","2,010","2,035","1,990","2,91K","-0,59%"
"01/04/1993","2,037","2,070","2,090","2,035","3,25K","-1,55%"
"31/03/1993","2,069","2,060","2,100","2,030","3,95K","1,32%"
"30/03/1993","2,042","2,030","2,070","1,999","3,78K","0,74%"
"29/03/1993","2,027","1,935","2,030","1,920","5,14K","2,63%"
"26/03/1993","1,975","1,990","2,005","1,965","4,35K","-2,37%"
"25/03/1993","2,023","2,035","2,085","2,020","5,84K","-9,04%"
"24/03/1993","2,224","2,120","2,270","2,120","","5,05%"
"23/03/1993","2,117","2,035","2,125","2,032","11,25K","3,67%"
"22/03/1993","2,042","2,075","2,090","1,975","10,68K","-2,16%"
"19/03/1993","2,087","2,045","2,099","2,045","5,54K","2,76%"
"18/03/1993","2,031","2,025","2,045","2,010","3,64K","0,89%"
"17/03/1993","2,013","1,905","2,020","1,905","6,64K","5,23%"
"16/03/1993","1,913","1,965","1,975","1,910","3,60K","-2,65%"
"15/03/1993","1,965","1,950","1,980","1,905","5,89K","2,61%"
"12/03/1993","1,915","1,960","1,970","1,905","3,56K","-1,54%"
"11/03/1993","1,945","1,950","1,970","1,925","4,65K","0,99%"
"10/03/1993","1,926","1,915","1,945","1,865","4,37K","0,26%"
"09/03/1993","1,921","1,850","1,940","1,850","7,15K","5,32%"
"08/03/1993","1,824","1,770","1,845","1,760","3,42K","2,07%"
"05/03/1993","1,787","1,800","1,814","1,775","1,42K","-0,61%"
"04/03/1993","1,798","1,755","1,814","1,750","3,43K","1,93%"
"03/03/1993","1,764","1,795","1,810","1,750","4,74K","-3,45%"
"02/03/1993","1,827","1,860","1,866","1,820","1,72K","-1,56%"
"26/02/1993","1,856","1,895","1,920","1,780","6,65K","-2,01%"
"25/02/1993","1,894","1,858","1,898","1,858","4,51K","2,49%"
"24/02/1993","1,848","1,825","1,865","1,825","3,13K","0,71%"
"23/02/1993","1,835","1,860","1,905","1,821","6,72K","-0,76%"
"22/02/1993","1,849","1,745","1,854","1,735","6,14K","-2,99%"
"19/02/1993","1,906","1,910","1,950","1,835","","1,76%"
"18/02/1993","1,873","1,825","1,880","1,825","9,68K","4,23%"
"17/02/1993","1,797","1,775","1,800","1,765","6,99K","1,81%"
"16/02/1993","1,765","1,725","1,779","1,725","5,80K","3,22%"
"12/02/1993","1,710","1,730","1,750","1,705","4,26K","-2,01%"
"11/02/1993","1,745","1,723","1,765","1,723","4,73K","1,93%"
"10/02/1993","1,712","1,665","1,734","1,665","4,19K","1,54%"
"09/02/1993","1,686","1,725","1,735","1,660","5,38K","-3,16%"
"08/02/1993","1,741","1,680","1,745","1,680","5,84K","3,75%"
"05/02/1993","1,678","1,633","1,684","1,631","6,27K","3,71%"
"04/02/1993","1,618","1,580","1,630","1,580","4,48K","2,21%"
"03/02/1993","1,583","1,565","1,594","1,565","2,60K","0,89%"
"02/02/1993","1,569","1,625","1,635","1,565","4,14K","-3,56%"
"01/02/1993","1,627","1,607","1,640","1,605","3,84K","1,88%"
"29/01/1993","1,597","1,588","1,620","1,571","3,41K","0,57%"
"28/01/1993","1,588","1,555","1,635","1,555","5,89K","0,83%"
"27/01/1993","1,575","1,575","1,613","1,570","4,12K","-0,88%"
"26/01/1993","1,589","1,588","1,600","1,558","3,06K","1,02%"
"25/01/1993","1,573","1,545","1,585","1,521","3,46K","-3,73%"
"22/01/1993","1,634","1,655","1,700","1,600","","-2,56%"
"21/01/1993","1,677","1,610","1,680","1,610","8,99K","2,82%"
"20/01/1993","1,631","1,525","1,650","1,525","8,40K","5,16%"
"19/01/1993","1,551","1,565","1,595","1,550","4,67K","-3,24%"
"18/01/1993","1,603","1,655","1,670","1,601","4,29K","-2,67%"
"15/01/1993","1,647","1,645","1,665","1,635","3,34K","0,06%"
"14/01/1993","1,646","1,620","1,670","1,620","5,90K","2,11%"
"13/01/1993","1,612","1,598","1,630","1,598","2,71K","0,88%"
"12/01/1993","1,598","1,620","1,640","1,580","4,36K","-0,99%"
"11/01/1993","1,614","1,585","1,620","1,585","3,40K","3,53%"
"08/01/1993","1,559","1,615","1,635","1,548","5,05K","-2,56%"
"07/01/1993","1,600","1,590","1,635","1,590","3,10K","1,14%"
"06/01/1993","1,582","1,555","1,600","1,555","2,76K","-0,13%"
"05/01/1993","1,584","1,540","1,620","1,540","5,27K","1,93%"
"04/01/1993","1,554","1,645","1,660","1,535","5,82K","-7,88%"
"31/12/1992","1,687","1,700","1,720","1,680","1,56K","-0,47%"
"30/12/1992","1,695","1,680","1,710","1,665","2,63K","-0,35%"
"29/12/1992","1,701","1,725","1,735","1,650","4,79K","-1,96%"
"28/12/1992","1,735","1,830","1,866","1,730","4,15K","-7,02%"
"23/12/1992","1,866","1,800","1,870","1,800","4,99K","-6,84%"
"22/12/1992","2,003","1,950","2,050","1,941","","-1,38%"
"21/12/1992","2,031","2,075","2,110","2,005","10,74K","-2,92%"
"18/12/1992","2,092","2,070","2,095","2,065","3,82K","0,34%"
"17/12/1992","2,085","2,055","2,095","2,040","3,75K","0,63%"
"16/12/1992","2,072","2,075","2,130","2,062","5,33K","-1,19%"
"15/12/1992","2,097","2,000","2,100","1,985","4,61K","3,30%"
"14/12/1992","2,030","2,040","2,080","2,005","5,74K","-2,82%"
"11/12/1992","2,089","2,130","2,155","2,081","4,45K","-1,18%"
"10/12/1992","2,114","2,060","2,120","2,060","7,62K","3,42%"
"09/12/1992","2,044","1,960","2,050","1,943","5,91K","3,70%"
"08/12/1992","1,971","1,940","2,020","1,940","5,98K","0,72%"
"07/12/1992","1,957","1,970","1,985","1,910","5,17K","-1,41%"
"04/12/1992","1,985","1,995","2,040","1,980","6,08K","0,30%"
"03/12/1992","1,979","1,950","1,990","1,935","5,18K","2,38%"
"02/12/1992","1,933","1,900","1,955","1,835","8,87K","2,01%"
"01/12/1992","1,895","2,100","2,125","1,860","11,22K","-9,20%"
"30/11/1992","2,087","2,035","2,090","2,035","4,29K","3,06%"
"25/11/1992","2,025","2,025","2,070","2,020","4,20K","-0,69%"
"24/11/1992","2,039","2,090","2,119","2,015","7,38K","-3,27%"
"23/11/1992","2,108","2,125","2,140","2,105","","-2,18%"
"20/11/1992","2,155","2,170","2,185","2,130","4,65K","-7,59%"
"19/11/1992","2,332","2,325","2,408","2,270","","-1,81%"
"18/11/1992","2,375","2,390","2,410","2,315","10,85K","-1,41%"
"17/11/1992","2,409","2,390","2,420","2,370","6,46K","-0,08%"
"16/11/1992","2,411","2,430","2,460","2,400","4,83K","-0,50%"
"13/11/1992","2,423","2,450","2,460","2,416","4,13K","-0,82%"
"12/11/1992","2,443","2,370","2,450","2,370","4,22K","1,88%"
"11/11/1992","2,398","2,425","2,440","2,390","3,80K","-0,79%"
"10/11/1992","2,417","2,355","2,425","2,355","4,20K","2,68%"
"09/11/1992","2,354","2,345","2,365","2,326","2,71K","0,38%"
"06/11/1992","2,345","2,382","2,395","2,340","2,39K","-1,55%"
"05/11/1992","2,382","2,386","2,435","2,360","2,39K","-0,83%"
"04/11/1992","2,402","2,450","2,460","2,380","5,26K","-1,60%"
"03/11/1992","2,441","2,440","2,480","2,405","5,26K","0,83%"
"02/11/1992","2,421","2,305","2,425","2,305","5,17K","5,49%"
"30/10/1992","2,295","2,270","2,335","2,270","4,30K","-0,56%"
"29/10/1992","2,308","2,375","2,385","2,300","3,44K","-2,24%"
"28/10/1992","2,361","2,305","2,365","2,300","4,08K","2,88%"
"27/10/1992","2,295","2,260","2,330","2,260","3,71K","0,79%"
"26/10/1992","2,277","2,240","2,320","2,240","5,06K","-8,88%"
"23/10/1992","2,499","2,370","2,570","2,355","","3,95%"
"22/10/1992","2,404","2,425","2,445","2,290","13,77K","-3,38%"
"21/10/1992","2,488","2,535","2,590","2,430","8,41K","-3,23%"
"20/10/1992","2,571","2,590","2,630","2,530","7,60K","0,16%"
"19/10/1992","2,567","2,430","2,585","2,430","6,54K","4,69%"
"16/10/1992","2,452","2,420","2,505","2,395","5,58K","0,82%"
"15/10/1992","2,432","2,330","2,460","2,330","6,94K","4,56%"
"14/10/1992","2,326","2,150","2,340","2,150","6,25K","8,14%"
"13/10/1992","2,151","2,205","2,235","2,145","5,34K","-3,54%"
"12/10/1992","2,230","2,255","2,270","2,201","3,51K","-2,75%"
"09/10/1992","2,293","2,280","2,355","2,267","4,94K","-0,22%"
"08/10/1992","2,298","2,350","2,370","2,280","5,53K","-3,85%"
"07/10/1992","2,390","2,430","2,460","2,380","2,57K","-2,05%"
"06/10/1992","2,440","2,350","2,445","2,350","2,54K","2,43%"
"05/10/1992","2,382","2,490","2,500","2,360","5,43K","-4,91%"
"02/10/1992","2,505","2,475","2,520","2,475","2,50K","-0,52%"
"01/10/1992","2,518","2,495","2,525","2,470","2,76K","0,12%"
"30/09/1992","2,515","2,515","2,530","2,482","2,77K","0,08%"
"29/09/1992","2,513","2,415","2,520","2,400","3,15K","3,20%"
"28/09/1992","2,435","2,450","2,460","2,415","1,39K","-1,58%"
"25/09/1992","2,474","2,410","2,500","2,390","4,99K","0,41%"
"24/09/1992","2,464","2,550","2,605","2,430","6,69K","-10,17%"
"23/09/1992","2,743","2,675","2,790","2,580","","3,67%"
"22/09/1992","2,646","2,470","2,650","2,470","9,42K","7,91%"
"21/09/1992","2,452","2,365","2,460","2,365","5,72K","5,33%"
"18/09/1992","2,328","2,195","2,330","2,195","3,97K","4,35%"
"17/09/1992","2,231","2,285","2,350","2,225","6,04K","-1,67%"
"16/09/1992","2,269","2,225","2,275","2,200","2,95K","1,11%"
"15/09/1992","2,244","2,190","2,250","2,185","3,68K","2,75%"
"14/09/1992","2,184","2,125","2,205","2,105","3,36K","1,68%"
"11/09/1992","2,148","2,125","2,160","2,125","1,83K","0,94%"
"10/09/1992","2,128","2,090","2,140","2,090","2,48K","2,31%"
"09/09/1992","2,080","2,005","2,109","2,005","4,88K","1,76%"
"08/09/1992","2,044","2,125","2,130","2,041","3,63K","-4,80%"
"04/09/1992","2,147","2,150","2,170","2,110","2,93K","0,75%"
"03/09/1992","2,131","2,060","2,149","2,050","4,32K","3,90%"
"02/09/1992","2,051","2,085","2,100","2,042","2,46K","-1,44%"
"01/09/1992","2,081","2,070","2,100","2,040","2,47K","-1,47%"
"31/08/1992","2,112","2,150","2,180","2,080","3,68K","-0,14%"
"28/08/1992","2,115","2,030","2,160","2,030","10,79K","8,80%"
"27/08/1992","1,944","1,865","1,980","1,855","4,77K","3,29%"
"26/08/1992","1,882","1,890","1,925","1,861","3,30K","-2,44%"
"25/08/1992","1,929","1,910","1,955","1,882","3,98K","-2,92%"
"24/08/1992","1,987","1,880","2,030","1,880","","7,17%"
"21/08/1992","1,854","1,825","1,860","1,815","9,45K","0,49%"
"20/08/1992","1,845","1,825","1,850","1,791","3,92K","0,38%"
"19/08/1992","1,838","1,830","1,875","1,825","3,99K","-0,49%"
"18/08/1992","1,847","1,745","1,860","1,745","3,97K","4,82%"
"17/08/1992","1,762","1,790","1,810","1,755","3,19K","-3,82%"
"14/08/1992","1,832","1,825","1,845","1,801","3,42K","-1,13%"
"13/08/1992","1,853","1,886","1,902","1,845","3,03K","-3,04%"
"12/08/1992","1,911","1,910","1,934","1,905","1,75K","-0,57%"
"11/08/1992","1,922","1,920","1,935","1,915","1,56K","-0,10%"
"10/08/1992","1,924","1,893","1,925","1,890","1,26K","1,85%"
"07/08/1992","1,889","1,880","1,900","1,875","1,76K","0,64%"
"06/08/1992","1,877","1,840","1,881","1,825","1,91K","1,40%"
"05/08/1992","1,851","1,845","1,865","1,825","2,21K","-0,54%"
"04/08/1992","1,861","1,841","1,890","1,840","1,92K","0,22%"
"03/08/1992","1,857","1,887","1,897","1,848","0,91K","-1,85%"
"31/07/1992","1,892","1,920","1,920","1,840","2,50K","-2,07%"
"30/07/1992","1,932","1,890","1,940","1,885","2,66K","2,77%"
"29/07/1992","1,880","1,820","1,885","1,820","2,19K","2,29%"
"28/07/1992","1,838","1,855","1,870","1,825","1,58K","-0,97%"
"27/07/1992","1,856","1,795","1,890","1,795","2,68K","3,46%"
"24/07/1992","1,794","1,705","1,814","1,705","4,01K","-0,06%"
"23/07/1992","1,795","1,815","1,820","1,765","","-0,77%"
"22/07/1992","1,809","1,765","1,820","1,765","5,85K","2,20%"
"21/07/1992","1,770","1,750","1,775","1,745","3,23K","1,20%"
"20/07/1992","1,749","1,710","1,752","1,710","2,51K","2,04%"
"17/07/1992","1,714","1,690","1,725","1,686","2,02K","0,65%"
"16/07/1992","1,703","1,730","1,737","1,700","1,48K","-1,39%"
"15/07/1992","1,727","1,700","1,730","1,690","1,77K","2,07%"
"14/07/1992","1,692","1,720","1,730","1,670","2,62K","-1,74%"
"13/07/1992","1,722","1,665","1,725","1,665","2,57K","4,17%"
"10/07/1992","1,653","1,635","1,655","1,630","1,33K","0,85%"
"09/07/1992","1,639","1,638","1,657","1,625","1,81K","0,55%"
"08/07/1992","1,630","1,610","1,642","1,610","2,90K","2,19%"
"07/07/1992","1,595","1,565","1,600","1,560","1,59K","1,14%"
"06/07/1992","1,577","1,580","1,600","1,575","1,01K","-0,13%"
"02/07/1992","1,579","1,555","1,580","1,550","1,30K","1,81%"
"01/07/1992","1,551","1,530","1,558","1,525","1,53K","2,17%"
"30/06/1992","1,518","1,510","1,545","1,510","1,09K","0,66%"
"29/06/1992","1,508","1,515","1,520","1,496","","-0,72%"
"26/06/1992","1,519","1,520","1,538","1,515","0,75K","-0,72%"
"25/06/1992","1,530","1,510","1,540","1,510","0,91K","0,59%"
"24/06/1992","1,521","1,465","1,525","1,461","2,11K","2,56%"
"23/06/1992","1,483","1,510","1,520","1,475","1,99K","-4,01%"
"22/06/1992","1,545","1,525","1,550","1,495","","-0,71%"
"19/06/1992","1,556","1,570","1,578","1,527","3,66K","-2,20%"
"18/06/1992","1,591","1,600","1,635","1,581","2,23K","-0,87%"
"17/06/1992","1,605","1,613","1,618","1,565","2,29K","0,12%"
"16/06/1992","1,603","1,570","1,610","1,563","1,38K","2,56%"
"15/06/1992","1,563","1,525","1,575","1,525","1,19K","1,82%"
"12/06/1992","1,535","1,566","1,580","1,520","2,22K","-3,58%"
"11/06/1992","1,592","1,605","1,620","1,590","1,42K","-1,67%"
"10/06/1992","1,619","1,620","1,630","1,596","1,34K","-0,92%"
"09/06/1992","1,634","1,605","1,655","1,605","1,43K","0,55%"
"08/06/1992","1,625","1,656","1,660","1,610","1,01K","-1,69%"
"05/06/1992","1,653","1,620","1,655","1,620","1,17K","2,73%"
"04/06/1992","1,609","1,562","1,610","1,562","1,61K","1,45%"
"03/06/1992","1,586","1,635","1,640","1,581","2,11K","-4,00%"
"02/06/1992","1,652","1,660","1,670","1,645","1,38K","-0,48%"
"01/06/1992","1,660","1,625","1,665","1,610","1,56K","2,15%"
"29/05/1992","1,625","1,625","1,625","1,590","0,69K","0,49%"
"28/05/1992","1,617","1,570","1,622","1,563","1,05K","1,70%"
"27/05/1992","1,590","1,640","1,649","1,580","2,17K","-2,45%"
"26/05/1992","1,630","1,560","1,635","1,560","1,48K","5,50%"
"22/05/1992","1,545","1,480","1,565","1,480","1,26K","0,98%"
"21/05/1992","1,530","1,580","1,595","1,530","2,27K","-14,43%"
"20/05/1992","1,788","1,770","1,790","1,750","","2,11%"
"19/05/1992","1,751","1,690","1,760","1,685","4,63K","4,35%"
"18/05/1992","1,678","1,655","1,680","1,630","2,13K","1,27%"
"15/05/1992","1,657","1,630","1,660","1,609","2,45K","2,09%"
"14/05/1992","1,623","1,570","1,630","1,555","1,96K","3,91%"
"13/05/1992","1,562","1,565","1,570","1,545","2,33K","1,23%"
"12/05/1992","1,543","1,485","1,550","1,482","1,33K","3,56%"
"11/05/1992","1,490","1,455","1,510","1,446","1,16K","1,02%"
"08/05/1992","1,475","1,480","1,490","1,467","0,77K","-0,61%"
"07/05/1992","1,484","1,480","1,510","1,471","2,19K","-0,80%"
"06/05/1992","1,496","1,520","1,545","1,490","1,72K","-2,16%"
"05/05/1992","1,529","1,470","1,535","1,470","2,12K","4,87%"
"04/05/1992","1,458","1,448","1,460","1,440","0,60K","1,89%"
"01/05/1992","1,431","1,405","1,435","1,396","0,94K","0,63%"
"30/04/1992","1,422","1,450","1,460","1,410","1,33K","-1,93%"
"29/04/1992","1,450","1,420","1,455","1,420","1,90K","2,91%"
"28/04/1992","1,409","1,385","1,410","1,375","1,10K","1,88%"
"27/04/1992","1,383","1,380","1,390","1,355","1,43K","-0,22%"
"24/04/1992","1,386","1,400","1,440","1,370","1,76K","-4,41%"
"23/04/1992","1,450","1,451","1,465","1,375","2,61K","-7,70%"
"22/04/1992","1,571","1,480","1,580","1,480","","7,02%"
"21/04/1992","1,468","1,430","1,470","1,425","3,03K","3,60%"
"20/04/1992","1,417","1,370","1,420","1,370","0,92K","4,11%"
"16/04/1992","1,361","1,350","1,375","1,350","1,18K","1,57%"
"15/04/1992","1,340","1,280","1,350","1,271","0,64K","5,02%"
"14/04/1992","1,276","1,255","1,280","1,255","0,98K","0,47%"
"13/04/1992","1,270","1,295","1,297","1,270","0,42K","-1,85%"
"10/04/1992","1,294","1,305","1,305","1,290","0,36K","-1,22%"
"09/04/1992","1,310","1,310","1,320","1,305","0,59K","0,38%"
"08/04/1992","1,305","1,280","1,315","1,280","0,86K","1,56%"
"07/04/1992","1,285","1,330","1,335","1,280","1,05K","-2,28%"
"06/04/1992","1,315","1,300","1,319","1,300","0,42K","-0,30%"
"03/04/1992","1,319","1,330","1,355","1,315","0,99K","-2,44%"
"02/04/1992","1,352","1,375","1,389","1,345","1,03K","-2,10%"
"01/04/1992","1,381","1,370","1,389","1,365","1,34K","1,77%"
"31/03/1992","1,357","1,337","1,358","1,337","0,88K","1,88%"
"30/03/1992","1,332","1,330","1,345","1,326","0,52K","0,45%"
"27/03/1992","1,326","1,305","1,335","1,296","1,17K","0,30%"
"26/03/1992","1,322","1,370","1,380","1,320","1,66K","-4,13%"
"25/03/1992","1,379","1,295","1,380","1,295","1,71K","7,65%"
"24/03/1992","1,281","1,290","1,300","1,276","1,57K","-4,83%"
"23/03/1992","1,346","1,280","1,350","1,280","","6,15%"
"20/03/1992","1,268","1,253","1,280","1,253","1,84K","1,20%"
"19/03/1992","1,253","1,249","1,261","1,249","0,56K","0,48%"
"18/03/1992","1,247","1,242","1,269","1,235","1,14K","0,16%"
"17/03/1992","1,245","1,230","1,265","1,230","1,46K","1,47%"
"16/03/1992","1,227","1,220","1,235","1,220","0,44K","1,24%"
"13/03/1992","1,212","1,200","1,225","1,200","0,93K","1,25%"
"12/03/1992","1,197","1,180","1,200","1,180","0,35K","1,10%"
"11/03/1992","1,184","1,195","1,209","1,175","0,58K","-0,34%"
"10/03/1992","1,188","1,186","1,200","1,185","0,53K","0,68%"
"09/03/1992","1,180","1,160","1,185","1,165","0,15K","1,29%"
"06/03/1992","1,165","1,175","1,180","1,160","0,30K","-1,27%"
"05/03/1992","1,180","1,193","1,200","1,180","0,62K","-0,92%"
"04/03/1992","1,191","1,165","1,200","1,156","0,71K","2,06%"
"03/03/1992","1,167","1,160","1,169","1,155","0,49K","0,00%"
"02/03/1992","1,167","1,160","1,180","1,157","0,30K","-0,34%"
"28/02/1992","1,171","1,150","1,189","1,146","0,32K","1,30%"
"27/02/1992","1,156","1,180","1,180","1,155","0,53K","-2,03%"
"26/02/1992","1,180","1,178","1,185","1,178","0,26K","0,00%"
"25/02/1992","1,180","1,165","1,190","1,166","0,27K","0,43%"
"24/02/1992","1,175","1,190","1,200","1,165","0,82K","-5,92%"
"21/02/1992","1,249","1,160","1,275","1,160","","9,08%"
"20/02/1992","1,145","1,150","1,159","1,121","","0,53%"
"19/02/1992","1,139","1,080","1,150","1,080","2,01K","5,37%"
"18/02/1992","1,081","1,055","1,090","1,045","1,41K","0,19%"
"14/02/1992","1,079","1,090","1,100","1,060","1,11K","-3,23%"
"13/02/1992","1,115","1,130","1,140","1,106","1,11K","-1,85%"
"12/02/1992","1,136","1,115","1,140","1,115","0,78K","0,53%"
"11/02/1992","1,130","1,185","1,190","1,125","1,11K","-5,52%"
"10/02/1992","1,196","1,200","1,210","1,195","0,28K","0,50%"
"07/02/1992","1,190","1,185","1,195","1,185","0,25K","0,59%"
"06/02/1992","1,183","1,180","1,190","1,175","0,24K","-0,50%"
"05/02/1992","1,189","1,205","1,225","1,185","0,58K","-0,75%"
"04/02/1992","1,198","1,180","1,200","1,175","0,44K","1,87%"
"03/02/1992","1,176","1,160","1,185","1,165","0,17K","-0,34%"
"31/01/1992","1,180","1,175","1,188","1,155","0,39K","1,20%"
"30/01/1992","1,166","1,195","1,195","1,160","0,63K","-1,19%"
"29/01/1992","1,180","1,150","1,205","1,150","1,03K","-0,08%"
"28/01/1992","1,181","1,225","1,235","1,180","1,03K","-3,04%"
"27/01/1992","1,218","1,177","1,230","1,177","1,21K","4,28%"
"24/01/1992","1,168","1,126","1,170","1,110","1,45K","8,65%"
"23/01/1992","1,075","1,040","1,122","1,040","","-6,44%"
"22/01/1992","1,149","1,200","1,210","1,145","2,55K","-6,43%"
"21/01/1992","1,228","1,220","1,232","1,215","0,61K","0,08%"
"20/01/1992","1,227","1,230","1,240","1,206","0,74K","-1,52%"
"17/01/1992","1,246","1,360","1,365","1,235","0,96K","-7,70%"
"16/01/1992","1,350","1,320","1,365","1,320","1,82K","4,33%"
"15/01/1992","1,294","1,255","1,300","1,255","1,06K","3,77%"
"14/01/1992","1,247","1,240","1,255","1,240","0,59K","1,05%"
"13/01/1992","1,234","1,225","1,235","1,210","0,56K","2,32%"
"10/01/1992","1,206","1,235","1,245","1,195","1,47K","-4,21%"
"09/01/1992","1,259","1,285","1,300","1,255","1,03K","-2,40%"
"08/01/1992","1,290","1,310","1,338","1,285","0,90K","-1,07%"
"07/01/1992","1,304","1,275","1,315","1,265","0,76K","2,03%"
"06/01/1992","1,278","1,285","1,290","1,270","0,56K","-1,62%"
"03/01/1992","1,299","1,290","1,300","1,285","0,56K","-0,46%"
"02/01/1992","1,305","1,310","1,340","1,300","0,53K","-2,83%"
"31/12/1991","1,343","1,371","1,381","1,340","0,21K","-2,68%"
"30/12/1991","1,380","1,395","1,395","1,380","0,21K","0,15%"
"27/12/1991","1,378","1,371","1,380","1,371","0,16K","-0,22%"
"26/12/1991","1,381","1,380","1,395","1,367","0,34K","-1,36%"
"24/12/1991","1,400","1,400","1,420","1,400","0,81K","0,21%"
"23/12/1991","1,397","1,440","1,441","1,395","0,81K","-3,85%"
"20/12/1991","1,453","1,480","1,485","1,435","1,32K","-14,93%"
"19/12/1991","1,708","1,750","1,760","1,680","","-3,23%"
"18/12/1991","1,765","1,790","1,815","1,760","1,94K","-3,29%"
"17/12/1991","1,825","1,820","1,855","1,815","1,36K","-0,49%"
"16/12/1991","1,834","1,830","1,860","1,805","1,11K","-0,11%"
"13/12/1991","1,836","1,880","1,890","1,831","1,02K","-1,98%"
"12/12/1991","1,873","1,855","1,885","1,850","0,80K","1,19%"
"11/12/1991","1,851","1,870","1,915","1,850","1,36K","-4,09%"
"10/12/1991","1,930","1,930","1,946","1,930","0,64K","-0,46%"
"09/12/1991","1,939","1,930","1,960","1,925","1,20K","-2,02%"
"06/12/1991","1,979","2,010","2,010","1,941","1,61K","-2,22%"
"05/12/1991","2,024","2,075","2,079","2,010","1,09K","-2,83%"
"04/12/1991","2,083","2,105","2,105","2,080","0,87K","-0,90%"
"03/12/1991","2,102","2,095","2,112","2,080","0,89K","0,10%"
"02/12/1991","2,100","2,075","2,100","2,067","0,37K","0,48%"
"29/11/1991","2,090","2,105","2,105","2,080","0,18K","-0,71%"
"27/11/1991","2,105","2,065","2,105","2,065","0,55K","1,89%"
"26/11/1991","2,066","2,065","2,075","2,050","0,55K","-0,58%"
"25/11/1991","2,078","2,090","2,095","2,070","0,57K","-0,38%"
"22/11/1991","2,086","2,095","2,105","2,080","0,64K","-0,14%"
"21/11/1991","2,089","2,084","2,095","2,070","0,73K","5,13%"
"20/11/1991","1,987","1,896","2,010","1,890","","4,03%"
"19/11/1991","1,910","1,960","1,980","1,870","2,79K","-4,55%"
"18/11/1991","2,001","2,035","2,040","1,985","1,69K","-1,91%"
"15/11/1991","2,040","2,010","2,045","1,990","0,60K","2,00%"
"14/11/1991","2,000","2,025","2,030","1,975","1,17K","-1,96%"
"13/11/1991","2,040","2,041","2,055","2,040","0,49K","-0,73%"
"12/11/1991","2,055","2,030","2,070","2,030","0,26K","-0,72%"
"11/11/1991","2,070","2,070","2,075","2,061","0,32K","-0,58%"
"08/11/1991","2,082","2,090","2,095","2,080","0,35K","0,00%"
"07/11/1991","2,082","2,065","2,090","2,065","0,26K","0,92%"
"06/11/1991","2,063","2,060","2,085","2,050","0,42K","-0,39%"
"05/11/1991","2,071","2,125","2,140","2,065","0,84K","-2,31%"
"04/11/1991","2,120","2,100","2,122","2,090","0,68K","1,78%"
"01/11/1991","2,083","2,052","2,085","2,055","0,54K","1,81%"
"31/10/1991","2,046","2,045","2,055","2,035","0,62K","-0,92%"
"30/10/1991","2,065","2,095","2,098","2,040","1,11K","-1,29%"
"29/10/1991","2,092","2,110","2,125","2,090","0,68K","-0,66%"
"28/10/1991","2,106","2,070","2,110","2,070","0,25K","1,20%"
"25/10/1991","2,081","2,065","2,090","2,050","0,54K","0,58%"
"24/10/1991","2,069","2,100","2,110","2,060","1,26K","9,53%"
"23/10/1991","1,889","1,851","1,950","1,851","","-1,10%"
"22/10/1991","1,910","2,000","2,000","1,900","1,42K","-5,12%"
"21/10/1991","2,013","2,025","2,030","2,010","0,26K","-0,59%"
"18/10/1991","2,025","2,025","2,025","2,010","0,57K","0,55%"
"17/10/1991","2,014","2,010","2,020","2,010","0,53K","0,65%"
"16/10/1991","2,001","1,980","2,020","1,975","0,92K","0,76%"
"15/10/1991","1,986","1,988","1,990","1,968","0,47K","0,20%"
"14/10/1991","1,982","1,955","1,985","1,950","0,28K","1,38%"
"11/10/1991","1,955","1,950","1,960","1,948","0,26K","-0,15%"
"10/10/1991","1,958","1,960","1,965","1,955","0,25K","-0,61%"
"09/10/1991","1,970","1,950","1,973","1,950","0,42K","1,39%"
"08/10/1991","1,943","1,920","1,945","1,915","0,28K","1,57%"
"07/10/1991","1,913","1,888","1,920","1,888","0,10K","0,47%"
"04/10/1991","1,904","1,883","1,910","1,880","0,17K","0,69%"
"03/10/1991","1,891","1,900","1,920","1,890","0,22K","-0,16%"
"02/10/1991","1,894","1,890","1,895","1,880","0,27K","-0,68%"
"01/10/1991","1,907","1,930","1,938","1,892","0,32K","-1,45%"
"30/09/1991","1,935","1,920","1,938","1,922","0,10K","0,78%"
"27/09/1991","1,920","1,910","1,925","1,910","0,18K","0,10%"
"26/09/1991","1,918","1,905","1,935","1,895","0,32K","1,00%"
"25/09/1991","1,899","1,875","1,900","1,875","0,24K","0,53%"
"24/09/1991","1,889","1,900","1,900","1,875","0,33K","-1,56%"
"23/09/1991","1,919","1,990","1,995","1,915","1,01K","10,16%"
"20/09/1991","1,742","1,685","1,750","1,685","1,42K","4,31%"
"19/09/1991","1,670","1,610","1,675","1,610","0,98K","3,73%"
"18/09/1991","1,610","1,610","1,610","1,595","0,40K","0,75%"
"17/09/1991","1,598","1,595","1,605","1,585","0,29K","0,19%"
"16/09/1991","1,595","1,590","1,620","1,590","0,20K","0,31%"
"13/09/1991","1,590","1,590","1,600","1,575","0,40K","-0,38%"
"12/09/1991","1,596","1,625","1,625","1,580","0,38K","-2,03%"
"11/09/1991","1,629","1,675","1,675","1,610","0,62K","-3,21%"
"10/09/1991","1,683","1,640","1,685","1,630","0,48K","3,31%"
"09/09/1991","1,629","1,620","1,635","1,612","0,15K","0,74%"
"06/09/1991","1,617","1,607","1,630","1,605","0,47K","1,51%"
"05/09/1991","1,593","1,575","1,595","1,570","0,20K","1,59%"
"04/09/1991","1,568","1,550","1,568","1,550","0,05K","0,77%"
"03/09/1991","1,556","1,556","1,565","1,554","0,13K","-0,51%"
"30/08/1991","1,564","1,571","1,575","1,560","0,09K","-0,45%"
"29/08/1991","1,571","1,570","1,580","1,561","0,18K","-0,44%"
"28/08/1991","1,578","1,571","1,584","1,560","0,30K","0,13%"
"27/08/1991","1,576","1,595","1,604","1,565","0,95K","-1,07%"
"26/08/1991","1,593","1,535","1,600","1,535","0,85K","4,66%"
"23/08/1991","1,522","1,490","1,525","1,480","0,48K","7,18%"
"22/08/1991","1,420","1,320","1,550","1,320","","8,23%"
"21/08/1991","1,312","1,275","1,320","1,275","0,68K","1,47%"
"20/08/1991","1,293","1,285","1,305","1,280","0,53K","-0,08%"
"19/08/1991","1,294","1,305","1,320","1,290","0,35K","1,25%"
"16/08/1991","1,278","1,275","1,285","1,275","0,30K","-0,78%"
"15/08/1991","1,288","1,280","1,294","1,280","0,22K","0,39%"
"14/08/1991","1,283","1,283","1,287","1,280","0,25K","-0,31%"
"13/08/1991","1,287","1,285","1,296","1,285","0,31K","-0,16%"
"12/08/1991","1,289","1,290","1,300","1,285","0,40K","0,08%"
"09/08/1991","1,288","1,290","1,290","1,280","0,36K","-0,39%"
"08/08/1991","1,293","1,285","1,300","1,285","0,29K","-0,08%"
"07/08/1991","1,294","1,298","1,310","1,290","0,24K","0,62%"
"06/08/1991","1,286","1,275","1,298","1,275","0,21K","0,86%"
"05/08/1991","1,275","1,270","1,275","1,270","0,01K","1,19%"
"02/08/1991","1,260","1,260","1,270","1,255","0,08K","0,40%"
"01/08/1991","1,255","1,275","1,300","1,255","0,41K","-0,40%"
"31/07/1991","1,260","1,250","1,270","1,250","0,25K","1,78%"
"30/07/1991","1,238","1,240","1,250","1,235","0,11K","1,06%"
"29/07/1991","1,225","1,220","1,245","1,220","0,03K","-1,05%"
"26/07/1991","1,238","1,259","1,260","1,225","0,27K","-0,56%"
"25/07/1991","1,245","1,215","1,245","1,215","0,24K","2,38%"
"24/07/1991","1,216","1,202","1,220","1,195","0,72K","1,76%"
"23/07/1991","1,195","1,210","1,210","1,180","","-2,05%"
"22/07/1991","1,220","1,255","1,255","1,220","0,44K","-2,17%"
"19/07/1991","1,247","1,247","1,280","1,240","0,70K","-0,24%"
"18/07/1991","1,250","1,225","1,250","1,225","0,17K","1,21%"
"17/07/1991","1,235","1,220","1,240","1,210","0,24K","2,49%"
"16/07/1991","1,205","1,175","1,210","1,170","0,38K","3,08%"
"15/07/1991","1,169","1,165","1,170","1,160","0,23K","0,34%"
"12/07/1991","1,165","1,166","1,180","1,160","0,39K","0,69%"
"11/07/1991","1,157","1,145","1,160","1,145","0,28K","-0,26%"
"10/07/1991","1,160","1,175","1,175","1,160","0,12K","-1,69%"
"09/07/1991","1,180","1,198","1,198","1,180","0,05K","-1,50%"
"08/07/1991","1,198","1,190","1,200","1,185","0,14K","1,27%"
"05/07/1991","1,183","1,190","1,190","1,183","0,08K","-0,67%"
"03/07/1991","1,191","1,172","1,194","1,172","0,32K","1,71%"
"02/07/1991","1,171","1,170","1,175","1,165","0,08K","-1,60%"
"01/07/1991","1,190","1,190","1,230","1,185","0,17K","-1,49%"
"28/06/1991","1,208","1,190","1,220","1,160","0,60K","2,20%"
"27/06/1991","1,182","1,155","1,190","1,130","0,77K","3,50%"
"26/06/1991","1,142","1,110","1,150","1,105","0,57K","1,69%"
"25/06/1991","1,123","1,099","1,140","1,060","0,51K","0,45%"
"24/06/1991","1,118","1,185","1,190","1,100","0,88K","-6,44%"
"21/06/1991","1,195","1,212","1,215","1,185","0,36K","2,40%"
"20/06/1991","1,167","1,207","1,215","1,155","","-3,95%"
"19/06/1991","1,215","1,232","1,240","1,215","0,41K","-2,41%"
"18/06/1991","1,245","1,260","1,260","1,245","0,49K","-1,35%"
"17/06/1991","1,262","1,290","1,290","1,262","0,23K","-2,40%"
"14/06/1991","1,293","1,280","1,294","1,280","0,26K","0,00%"
"13/06/1991","1,293","1,275","1,295","1,275","0,45K","1,73%"
"12/06/1991","1,271","1,275","1,275","1,270","0,24K","-0,70%"
"11/06/1991","1,280","1,277","1,280","1,275","0,07K","-0,54%"
"10/06/1991","1,287","1,278","1,290","1,277","0,22K","0,31%"
"07/06/1991","1,283","1,295","1,295","1,281","0,23K","-1,08%"
"06/06/1991","1,297","1,312","1,315","1,294","0,39K","-1,37%"
"05/06/1991","1,315","1,326","1,330","1,312","0,47K","-1,05%"
"04/06/1991","1,329","1,335","1,336","1,327","0,09K","-0,30%"
"03/06/1991","1,333","1,335","1,335","1,333","0,01K","0,00%"
"31/05/1991","1,333","1,335","1,343","1,332","0,18K","-0,37%"
"30/05/1991","1,338","1,348","1,362","1,335","0,50K","-0,45%"
"29/05/1991","1,344","1,330","1,346","1,330","0,36K","0,98%"
"28/05/1991","1,331","1,335","1,342","1,331","0,23K","-0,30%"
"24/05/1991","1,335","1,338","1,340","1,329","0,09K","0,38%"
"23/05/1991","1,330","1,311","1,335","1,310","0,17K","-0,45%"
"22/05/1991","1,336","1,330","1,340","1,321","","0,45%"
"21/05/1991","1,330","1,330","1,332","1,327","","-0,15%"
"20/05/1991","1,332","1,340","1,343","1,331","0,22K","-0,82%"
"17/05/1991","1,343","1,332","1,345","1,325","0,33K","-0,15%"
"16/05/1991","1,345","1,351","1,351","1,341","0,08K","-0,37%"
"15/05/1991","1,350","1,348","1,352","1,345","0,05K","0,07%"
"14/05/1991","1,349","1,350","1,354","1,349","0,17K","0,00%"
"13/05/1991","1,349","1,340","1,355","1,340","0,18K","-0,07%"
"10/05/1991","1,350","1,355","1,355","1,350","0,13K","-0,15%"
"09/05/1991","1,352","1,350","1,360","1,350","0,33K","0,37%"
"08/05/1991","1,347","1,350","1,355","1,346","0,11K","-0,44%"
"07/05/1991","1,353","1,355","1,360","1,353","0,16K","-0,29%"
"06/05/1991","1,357","1,354","1,365","1,354","0,08K","0,07%"
"03/05/1991","1,356","1,361","1,361","1,340","0,11K","-0,73%"
"02/05/1991","1,366","1,375","1,377","1,366","0,22K","-0,73%"
"01/05/1991","1,376","1,378","1,383","1,374","0,15K","0,07%"
"30/04/1991","1,375","1,380","1,385","1,373","0,19K","0,07%"
"29/04/1991","1,374","1,365","1,375","1,360","0,39K","0,51%"
"26/04/1991","1,367","1,374","1,374","1,360","0,26K","-0,87%"
"25/04/1991","1,379","1,376","1,385","1,371","0,19K","-0,07%"
"24/04/1991","1,380","1,385","1,385","1,380","0,14K","-0,72%"
"23/04/1991","1,390","1,380","1,390","1,380","0,15K","2,96%"
"22/04/1991","1,350","1,350","1,355","1,342","","-0,37%"
"19/04/1991","1,355","1,372","1,373","1,355","0,46K","-1,45%"
"18/04/1991","1,375","1,375","1,377","1,373","0,29K","-0,22%"
"17/04/1991","1,378","1,380","1,385","1,377","0,17K","0,15%"
"16/04/1991","1,376","1,378","1,380","1,376","0,03K","-0,43%"
"15/04/1991","1,382","1,380","1,385","1,380","0,06K","0,44%"
"12/04/1991","1,376","1,375","1,385","1,375","0,16K","0,07%"
"11/04/1991","1,375","1,374","1,378","1,374","0,11K","-0,07%"
"10/04/1991","1,376","1,387","1,390","1,375","0,25K","-1,08%"
"09/04/1991","1,391","1,390","1,392","1,386","0,11K","-0,29%"
"08/04/1991","1,395","1,395","1,399","1,390","0,05K","-0,36%"
"05/04/1991","1,400","1,409","1,409","1,400","0,02K","-0,21%"
"04/04/1991","1,403","1,420","1,420","1,400","0,29K","-0,99%"
"03/04/1991","1,417","1,420","1,425","1,415","0,31K","-0,21%"
"02/04/1991","1,420","1,413","1,420","1,413","0,23K","0,35%"
"01/04/1991","1,415","1,405","1,417","1,405","0,35K","0,71%"
"28/03/1991","1,405","1,396","1,405","1,396","0,14K","0,72%"
"27/03/1991","1,395","1,400","1,410","1,391","0,19K","0,00%"
"26/03/1991","1,395","1,390","1,395","1,390","0,05K","0,36%"
"25/03/1991","1,390","1,385","1,390","1,385","0,05K","0,36%"
"22/03/1991","1,385","1,391","1,393","1,385","0,13K","-0,86%"
"21/03/1991","1,397","1,380","1,398","1,373","0,29K","1,53%"
"20/03/1991","1,376","1,390","1,390","1,375","0,25K","-1,08%"
"19/03/1991","1,391","1,381","1,400","1,375","","0,36%"
"18/03/1991","1,386","1,380","1,390","1,380","0,30K","0,07%"
"15/03/1991","1,385","1,384","1,388","1,380","0,21K","0,29%"
"14/03/1991","1,381","1,390","1,400","1,381","0,52K","-1,00%"
"13/03/1991","1,395","1,385","1,400","1,385","0,65K","1,45%"
"12/03/1991","1,375","1,365","1,385","1,365","0,30K","0,95%"
"11/03/1991","1,362","1,358","1,362","1,356","0,01K","0,22%"
"08/03/1991","1,359","1,362","1,364","1,357","0,05K","-0,29%"
"07/03/1991","1,363","1,355","1,367","1,355","0,16K","0,52%"
"06/03/1991","1,356","1,350","1,375","1,350","0,46K","0,07%"
"05/03/1991","1,355","1,350","1,358","1,347","0,06K","0,00%"
"04/03/1991","1,355","1,360","1,364","1,355","0,02K","-0,44%"
"01/03/1991","1,361","1,370","1,370","1,360","0,03K","-0,87%"
"28/02/1991","1,373","1,360","1,373","1,360","0,09K","1,25%"
"27/02/1991","1,356","1,355","1,360","1,352","0,02K","0,07%"
"26/02/1991","1,355","1,360","1,361","1,353","0,09K","0,30%"
"25/02/1991","1,351","1,342","1,355","1,342","0,14K","0,45%"
"22/02/1991","1,345","1,345","1,355","1,335","0,59K","0,82%"
"21/02/1991","1,334","1,340","1,345","1,331","0,46K","-1,55%"
"20/02/1991","1,355","1,370","1,373","1,355","0,39K","-2,87%"
"19/02/1991","1,395","1,410","1,435","1,380","","0,72%"
"15/02/1991","1,385","1,366","1,410","1,366","0,51K","1,32%"
"14/02/1991","1,367","1,330","1,370","1,330","0,55K","1,26%"
"13/02/1991","1,350","1,347","1,353","1,342","0,31K","0,15%"
"12/02/1991","1,348","1,340","1,350","1,340","0,16K","-0,37%"
"11/02/1991","1,353","1,352","1,365","1,350","0,18K","-0,88%"
"08/02/1991","1,365","1,370","1,375","1,360","0,31K","-1,09%"
"07/02/1991","1,380","1,380","1,385","1,370","0,27K","0,66%"
"06/02/1991","1,371","1,370","1,385","1,370","0,20K","0,07%"
"05/02/1991","1,370","1,370","1,370","1,355","0,14K","0,15%"
"04/02/1991","1,368","1,365","1,370","1,350","0,10K","-0,87%"
"01/02/1991","1,380","1,380","1,390","1,380","0,02K","0,00%"
"31/01/1991","1,380","1,395","1,395","1,380","0,04K","0,00%"
"30/01/1991","1,380","1,380","1,390","1,375","0,16K","-0,36%"
"29/01/1991","1,385","1,390","1,395","1,380","0,13K","0,29%"
"28/01/1991","1,381","1,390","1,390","1,370","0,12K","-1,29%"
"25/01/1991","1,399","1,395","1,420","1,370","0,34K","1,23%"
"24/01/1991","1,382","1,365","1,385","1,335","0,64K","-0,22%"
"23/01/1991","1,385","1,450","1,455","1,385","0,49K","-9,95%"
"22/01/1991","1,538","1,570","1,570","1,501","0,49K","-2,04%"
"21/01/1991","1,570","1,580","1,580","1,550","0,29K","0,19%"
"18/01/1991","1,567","1,600","1,620","1,565","0,55K","-3,33%"
"17/01/1991","1,621","1,550","1,650","1,550","0,38K","-5,70%"
"16/01/1991","1,719","1,727","1,730","1,680","0,14K","-0,06%"
"15/01/1991","1,720","1,745","1,745","1,715","0,19K","-0,46%"
"14/01/1991","1,728","1,820","1,820","1,700","0,30K","1,95%"
"11/01/1991","1,695","1,680","1,710","1,665","0,38K","-0,18%"
"10/01/1991","1,698","1,705","1,740","1,690","0,38K","-1,74%"
"09/01/1991","1,728","1,747","1,780","1,710","0,71K","-3,25%"
"08/01/1991","1,786","1,785","1,809","1,775","0,16K","0,06%"
"07/01/1991","1,785","1,755","1,795","1,755","0,19K","2,41%"
"04/01/1991","1,743","1,790","1,810","1,740","0,16K","-2,19%"
"03/01/1991","1,782","1,770","1,800","1,750","0,38K","-2,73%"
"02/01/1991","1,832","1,920","1,920","1,830","0,40K","-6,05%"
"31/12/1990","1,950","1,960","1,960","1,945","0,02K","0,00%"
"28/12/1990","1,950","1,950","1,960","1,950","0,13K","-0,51%"
"27/12/1990","1,960","1,990","1,990","1,960","0,19K","-1,95%"
"26/12/1990","1,999","1,982","2,010","1,980","0,34K","1,89%"
"21/12/1990","1,962","1,930","1,970","1,930","0,34K","2,19%"
"20/12/1990","1,920","1,882","1,944","1,870","0,74K","-6,16%"
"19/12/1990","2,046","2,046","2,046","2,046","","0,00%"
"18/12/1990","2,046","2,130","2,145","1,990","0,45K","-5,93%"
"17/12/1990","2,175","2,270","2,275","2,145","0,60K","-3,85%"
"14/12/1990","2,262","2,250","2,265","2,220","0,34K","1,89%"
"13/12/1990","2,220","2,200","2,220","2,173","0,35K","0,73%"
"12/12/1990","2,204","2,277","2,285","2,195","0,53K","-3,54%"
"11/12/1990","2,285","2,340","2,340","2,270","0,63K","-2,97%"
"10/12/1990","2,355","2,385","2,385","2,340","0,16K","0,21%"
"07/12/1990","2,350","2,360","2,360","2,320","0,62K","-0,04%"
"06/12/1990","2,351","2,340","2,365","2,325","0,51K","-2,12%"
"05/12/1990","2,402","2,425","2,440","2,380","0,21K","-1,56%"
"04/12/1990","2,440","2,495","2,510","2,440","0,18K","-1,41%"
"03/12/1990","2,475","2,460","2,480","2,435","0,31K","1,23%"
"30/11/1990","2,445","2,490","2,495","2,395","0,47K","-1,81%"
"29/11/1990","2,490","2,530","2,540","2,485","0,35K","-0,60%"
"28/11/1990","2,505","2,520","2,530","2,480","0,41K","-1,38%"
"27/11/1990","2,540","2,605","2,605","2,540","0,52K","-2,98%"
"26/11/1990","2,618","2,640","2,650","2,615","0,37K","0,50%"
"23/11/1990","2,605","2,610","2,640","2,605","0,09K","9,45%"
"21/11/1990","2,380","2,380","2,380","2,380","0,13K","0,00%"
"20/11/1990","2,380","2,340","2,395","2,335","0,63K","1,28%"
"19/11/1990","2,350","2,300","2,350","2,290","0,29K","0,64%"
"16/11/1990","2,335","2,380","2,380","2,310","0,43K","-2,71%"
"15/11/1990","2,400","2,400","2,400","2,390","0,18K","-1,15%"
"14/11/1990","2,428","2,415","2,430","2,410","0,25K","0,71%"
"13/11/1990","2,411","2,407","2,420","2,400","0,39K","0,04%"
"12/11/1990","2,410","2,405","2,420","2,390","0,24K","-0,78%"
"09/11/1990","2,429","2,410","2,430","2,410","0,11K","-0,25%"
"08/11/1990","2,435","2,450","2,450","2,400","0,22K","-0,61%"
"07/11/1990","2,450","2,375","2,450","2,375","0,22K","2,81%"
"06/11/1990","2,383","2,395","2,410","2,380","0,14K","-0,08%"
"05/11/1990","2,385","2,330","2,395","2,330","0,44K","1,15%"
"02/11/1990","2,358","2,335","2,358","2,330","0,14K","0,34%"
"01/11/1990","2,350","2,360","2,370","2,350","0,07K","-0,42%"
"31/10/1990","2,360","2,385","2,385","2,360","0,24K","-1,99%"
"30/10/1990","2,408","2,420","2,455","2,390","0,15K","-1,07%"
"29/10/1990","2,434","2,450","2,460","2,430","0,06K","-0,57%"
"26/10/1990","2,448","2,480","2,480","2,400","0,13K","0,08%"
"25/10/1990","2,446","2,470","2,500","2,410","0,24K","0,25%"
"24/10/1990","2,440","2,560","2,570","2,440","0,24K","-3,17%"
"23/10/1990","2,520","2,390","2,520","2,370","0,30K","27,92%"
"22/10/1990","1,970","1,930","1,980","1,920","0,33K","3,68%"
"19/10/1990","1,900","1,842","1,920","1,840","0,16K","0,53%"
"18/10/1990","1,890","1,855","1,880","1,830","0,06K","-0,53%"
"17/10/1990","1,900","1,920","1,920","1,880","0,08K","-0,52%"
"16/10/1990","1,910","1,890","1,910","1,875","0,18K","0,53%"
"15/10/1990","1,900","1,900","1,900","1,880","0,17K","-2,56%"
"12/10/1990","1,950","1,980","1,980","1,930","0,05K","-0,51%"
"11/10/1990","1,960","1,950","1,975","1,940","0,12K","1,03%"
"10/10/1990","1,940","1,960","1,970","1,930","0,17K","0,00%"
"09/10/1990","1,940","1,960","1,990","1,940","0,17K","0,52%"
"08/10/1990","1,930","1,925","1,935","1,920","0,13K","-0,26%"
"05/10/1990","1,935","1,905","1,935","1,905","0,09K","1,95%"
"04/10/1990","1,898","1,910","1,920","1,891","0,18K","-0,89%"
"03/10/1990","1,915","1,915","1,940","1,915","0,11K","1,86%"
"02/10/1990","1,880","1,885","1,930","1,875","0,15K","-1,52%"
"01/10/1990","1,909","1,925","1,930","1,890","0,04K","-1,34%"
"28/09/1990","1,935","1,950","1,960","1,935","0,16K","-0,26%"
"27/09/1990","1,940","1,905","1,980","1,900","0,17K","-0,26%"
"26/09/1990","1,945","1,888","1,945","1,876","0,10K","0,78%"
"25/09/1990","1,930","1,930","1,940","1,910","0,21K","-0,31%"
"24/09/1990","1,936","1,900","1,950","1,900","0,31K","3,42%"
"21/09/1990","1,872","1,860","1,875","1,860","0,28K","1,41%"
"20/09/1990","1,846","1,830","1,848","1,830","0,07K","18,71%"
"19/09/1990","1,555","1,545","1,560","1,545","0,20K","-0,32%"
"18/09/1990","1,560","1,535","1,560","1,530","0,24K","1,50%"
"17/09/1990","1,537","1,515","1,540","1,515","0,22K","1,12%"
"14/09/1990","1,520","1,545","1,550","1,503","0,17K","-1,30%"
"13/09/1990","1,540","1,546","1,550","1,540","0,10K","-0,19%"
"12/09/1990","1,543","1,540","1,543","1,535","0,08K","1,18%"
"11/09/1990","1,525","1,530","1,537","1,520","0,18K","0,00%"
"10/09/1990","1,525","1,501","1,530","1,501","0,13K","0,99%"
"07/09/1990","1,510","1,502","1,510","1,501","0,05K","-1,31%"
"06/09/1990","1,530","1,520","1,535","1,520","0,03K","1,06%"
"05/09/1990","1,514","1,520","1,530","1,505","0,11K","0,26%"
"04/09/1990","1,510","1,515","1,520","1,505","0,07K","0,67%"
"31/08/1990","1,500","1,540","1,548","1,500","0,07K","-2,41%"
"30/08/1990","1,537","1,510","1,539","1,510","0,11K","2,13%"
"29/08/1990","1,505","1,495","1,505","1,486","0,19K","0,33%"
"28/08/1990","1,500","1,500","1,505","1,498","0,20K","-0,13%"
"27/08/1990","1,502","1,470","1,505","1,470","0,05K","-1,51%"
"24/08/1990","1,525","1,515","1,545","1,515","0,10K","-1,29%"
"23/08/1990","1,545","1,560","1,600","1,530","0,33K","8,19%"
"22/08/1990","1,428","1,425","1,429","1,413","0,12K","0,56%"
"21/08/1990","1,420","1,425","1,425","1,415","0,11K","0,21%"
"20/08/1990","1,417","1,430","1,431","1,415","0,10K","-1,60%"
"17/08/1990","1,440","1,455","1,455","1,427","0,06K","0,70%"
"16/08/1990","1,430","1,430","1,450","1,426","0,11K","0,14%"
"15/08/1990","1,428","1,435","1,435","1,425","0,25K","-1,38%"
"14/08/1990","1,448","1,460","1,460","1,446","0,19K","-1,16%"
"13/08/1990","1,465","1,490","1,490","1,465","","-1,68%"
"10/08/1990","1,490","1,460","1,500","1,450","0,08K","1,36%"
"09/08/1990","1,470","1,457","1,490","1,455","0,08K","-0,34%"
"08/08/1990","1,475","1,480","1,510","1,450","0,05K","-0,14%"
"07/08/1990","1,477","1,520","1,525","1,460","0,11K","-6,99%"
"06/08/1990","1,588","1,530","1,600","1,520","0,24K","5,17%"
"03/08/1990","1,510","1,445","1,540","1,445","0,35K","5,45%"
"02/08/1990","1,432","1,450","1,460","1,430","0,27K","2,14%"
"01/08/1990","1,402","1,405","1,405","1,396","0,03K","-0,64%"
"31/07/1990","1,411","1,425","1,425","1,410","0,08K","-1,33%"
"30/07/1990","1,430","1,436","1,436","1,425","0,06K","-0,63%"
"27/07/1990","1,439","1,427","1,439","1,427","0,06K","0,28%"
"26/07/1990","1,435","1,440","1,440","1,417","0,09K","-0,35%"
"25/07/1990","1,440","1,427","1,445","1,422","0,17K","0,00%"
"24/07/1990","1,440","1,456","1,458","1,440","0,10K","-1,37%"
"23/07/1990","1,460","1,465","1,470","1,455","0,11K","2,38%"
"20/07/1990","1,426","1,430","1,430","1,424","0,07K","-1,31%"
"19/07/1990","1,445","1,445","1,454","1,440","0,10K","-0,34%"
"18/07/1990","1,450","1,455","1,455","1,445","0,09K","-0,82%"
"17/07/1990","1,462","1,482","1,485","1,455","0,14K","-2,21%"
"16/07/1990","1,495","1,510","1,515","1,490","0,08K","-0,33%"
"13/07/1990","1,500","1,520","1,520","1,500","0,16K","-0,13%"
"12/07/1990","1,502","1,500","1,502","1,495","0,07K","0,13%"
"11/07/1990","1,500","1,508","1,508","1,495","0,04K","0,00%"
"10/07/1990","1,500","1,493","1,500","1,492","0,03K","0,47%"
"09/07/1990","1,493","1,493","1,495","1,488","0,18K","-0,33%"
"06/07/1990","1,498","1,511","1,511","1,495","0,11K","-1,06%"
"05/07/1990","1,514","1,518","1,518","1,511","0,08K","-0,72%"
"03/07/1990","1,525","1,517","1,525","1,517","0,09K","0,39%"
"02/07/1990","1,519","1,525","1,525","1,516","0,06K","0,00%"
"29/06/1990","1,519","1,510","1,519","1,510","0,08K","0,26%"
"28/06/1990","1,515","1,496","1,520","1,496","0,14K","1,00%"
"27/06/1990","1,500","1,505","1,505","1,495","0,11K","-0,46%"
"26/06/1990","1,507","1,510","1,515","1,505","0,15K","-0,59%"
"25/06/1990","1,516","1,510","1,520","1,506","0,04K","-0,39%"
"22/06/1990","1,522","1,515","1,524","1,512","0,16K","-0,39%"
"21/06/1990","1,528","1,558","1,560","1,528","","1,19%"
"20/06/1990","1,510","1,527","1,533","1,505","0,23K","-1,69%"
"19/06/1990","1,536","1,530","1,538","1,530","0,10K","-0,26%"
"18/06/1990","1,540","1,535","1,544","1,535","0,03K","-0,45%"
"15/06/1990","1,547","1,540","1,550","1,540","0,05K","0,00%"
"14/06/1990","1,547","1,540","1,550","1,540","0,13K","0,13%"
"13/06/1990","1,545","1,550","1,550","1,543","0,21K","-0,83%"
"12/06/1990","1,558","1,570","1,574","1,553","0,25K","-0,89%"
"11/06/1990","1,572","1,573","1,575","1,565","0,11K","-0,19%"
"08/06/1990","1,575","1,565","1,580","1,564","0,10K","0,13%"
"07/06/1990","1,573","1,565","1,585","1,565","0,15K","0,83%"
"06/06/1990","1,560","1,562","1,564","1,556","0,11K","-0,45%"
"05/06/1990","1,567","1,570","1,575","1,567","0,13K","-0,95%"
"04/06/1990","1,582","1,585","1,585","1,570","0,30K","-0,19%"
"01/06/1990","1,585","1,587","1,590","1,585","0,05K","-0,31%"
"31/05/1990","1,590","1,586","1,604","1,585","0,11K","0,32%"
"30/05/1990","1,585","1,585","1,595","1,585","0,09K","0,00%"
"29/05/1990","1,585","1,585","1,588","1,585","0,07K","-0,44%"
"25/05/1990","1,592","1,595","1,600","1,590","0,06K","-0,50%"
"24/05/1990","1,600","1,602","1,602","1,595","0,04K","-0,12%"
"23/05/1990","1,602","1,603","1,606","1,597","0,14K","-0,68%"
"22/05/1990","1,613","1,610","1,620","1,605","0,09K","3,60%"
"21/05/1990","1,557","1,548","1,560","1,545","0,09K","0,19%"
"18/05/1990","1,554","1,565","1,565","1,540","0,05K","-1,02%"
"17/05/1990","1,570","1,570","1,575","1,570","0,05K","0,00%"
"16/05/1990","1,570","1,559","1,575","1,559","0,05K","1,16%"
"15/05/1990","1,552","1,555","1,555","1,552","0,01K","-0,26%"
"14/05/1990","1,556","1,559","1,559","1,555","0,01K","-0,58%"
"11/05/1990","1,565","1,571","1,575","1,565","0,05K","-0,57%"
"10/05/1990","1,574","1,580","1,580","1,574","0,02K","-0,13%"
"09/05/1990","1,576","1,587","1,587","1,576","0,03K","-0,44%"
"08/05/1990","1,583","1,585","1,589","1,582","0,05K","0,19%"
"07/05/1990","1,580","1,580","1,585","1,575","0,03K","0,32%"
"04/05/1990","1,575","1,570","1,575","1,570","0,01K","0,00%"
"03/05/1990","1,575","1,575","1,575","1,575","0,02K","0,00%"
"02/05/1990","1,575","1,575","1,580","1,575","0,02K","0,64%"
"01/05/1990","1,565","1,575","1,575","1,565","0,02K","0,00%"
"30/04/1990","1,565","1,565","1,570","1,565","0,01K","0,64%"
"27/04/1990","1,555","1,560","1,560","1,550","0,02K","-0,19%"
"26/04/1990","1,558","1,555","1,564","1,555","0,03K","0,39%"
"25/04/1990","1,552","1,560","1,570","1,552","0,02K","-0,19%"
"24/04/1990","1,555","1,540","1,556","1,540","0,05K","0,00%"
"23/04/1990","1,555","1,525","1,560","1,525","0,03K","0,78%"
"20/04/1990","1,543","1,560","1,560","1,540","0,12K","-1,72%"
"19/04/1990","1,570","1,581","1,581","1,550","0,06K","-0,82%"
"18/04/1990","1,583","1,583","1,587","1,583","0,01K","-0,13%"
"17/04/1990","1,585","1,594","1,600","1,585","0,03K","-0,81%"
"16/04/1990","1,598","1,597","1,600","1,592","0,02K","0,00%"
"12/04/1990","1,598","1,595","1,600","1,590","0,04K","-0,44%"
"11/04/1990","1,605","1,610","1,610","1,595","0,03K","-0,93%"
"10/04/1990","1,620","1,627","1,630","1,613","0,03K","-1,04%"
"09/04/1990","1,637","1,612","1,640","1,612","0,04K","0,74%"
"06/04/1990","1,625","1,615","1,635","1,610","0,06K","0,62%"
"05/04/1990","1,615","1,615","1,635","1,610","0,06K","-0,31%"
"04/04/1990","1,620","1,600","1,650","1,599","0,08K","-0,92%"