date	agence	note	type	time	taux	spread
2012-01-13	S&P	AA+	r	2012-01-16	3.1809090909090907	1.3193181818181816
2012-11-19	Moody's	Aa1	r	2012-11-16	2.1390454545454545	0.7475454545454545
2013-07-01	Fitch	AA+	r	2013-07-16	2.249217391304348	0.6213478260869565
2013-11-08	S&P	AA	r	2013-11-16	2.2630434782608697	0.5438695652173915
2024-05-31	S&P	AA-	r	2024-05-16	3.0328695652173914	0.4967173913043479
2025-10-17	S&P	A+	r	2025-10-16	3.439952380952381	0.8090619047619048
2014-12-14	Fitch	AA	r	2014-12-16	0.9215652173913044	0.27617391304347827
2015-09-18	Moody's	Aa2	r	2015-09-16	1.003391304347826	0.32639130434782593
2024-12-01	Moody's	Aa3	r	2024-12-16	3.01645	0.8053999999999997
2023-04-28	Fitch	AA-	r	2023-04-16	2.8998095238095236	0.5382877846790888
2025-09-12	Fitch	A+	r	2025-09-16	3.517181818181818	0.80375
2024-06-09	gov	NA	p	2024-06-16	3.1493	0.6632500000000001
2025-09-08	gov	NA	p	2025-09-16	3.517181818181818	0.80375
2025-10-06	gov	NA	p	2025-10-16	3.439952380952381	0.8090619047619048
